Watching for file changes with StatReloader
[02/May/2026 19:32:11] "OPTIONS /api/v1/auth/login/ HTTP/1.1" 200 0
[02/May/2026 19:32:12] "POST /api/v1/auth/login/ HTTP/1.1" 200 950
[02/May/2026 19:32:12] "OPTIONS /api/v1/notifications/unread-count/ HTTP/1.1" 200 0
[02/May/2026 19:32:12] "OPTIONS /api/v1/requests/mine/ HTTP/1.1" 200 0
[02/May/2026 19:32:12] "OPTIONS /api/v1/notifications/unread-count/ HTTP/1.1" 200 0
[02/May/2026 19:32:12] "OPTIONS /api/v1/requests/mine/ HTTP/1.1" 200 0
[02/May/2026 19:32:12] "GET /api/v1/notifications/unread-count/ HTTP/1.1" 200 18
[02/May/2026 19:32:12] "GET /api/v1/requests/mine/ HTTP/1.1" 200 2
[02/May/2026 19:32:12] "GET /api/v1/notifications/unread-count/ HTTP/1.1" 200 18
[02/May/2026 19:32:12] "GET /api/v1/requests/mine/ HTTP/1.1" 200 2
[02/May/2026 19:32:39] "OPTIONS /api/v1/certificates/templates/ HTTP/1.1" 200 0
[02/May/2026 19:32:39] "OPTIONS /api/v1/certificates/templates/ HTTP/1.1" 200 0
[02/May/2026 19:32:39] "GET /api/v1/certificates/templates/ HTTP/1.1" 200 7524
[02/May/2026 19:32:39] "GET /api/v1/certificates/templates/ HTTP/1.1" 200 7524
[02/May/2026 19:32:41] "GET /api/v1/requests/mine/ HTTP/1.1" 200 2
[02/May/2026 19:32:41] "GET /api/v1/requests/mine/ HTTP/1.1" 200 2
[02/May/2026 19:32:42] "GET /api/v1/notifications/unread-count/ HTTP/1.1" 200 18
[02/May/2026 19:32:42] "OPTIONS /api/v1/leaves/types/ HTTP/1.1" 200 0
[02/May/2026 19:32:42] "OPTIONS /api/v1/leaves/types/ HTTP/1.1" 200 0
[02/May/2026 19:32:42] "GET /api/v1/leaves/types/ HTTP/1.1" 200 2001
[02/May/2026 19:32:42] "GET /api/v1/leaves/types/ HTTP/1.1" 200 2001
[02/May/2026 19:32:43] "OPTIONS /api/v1/leaves/balances/ HTTP/1.1" 200 0
[02/May/2026 19:32:43] "OPTIONS /api/v1/leaves/requests/ HTTP/1.1" 200 0
[02/May/2026 19:32:43] "OPTIONS /api/v1/leaves/requests/ HTTP/1.1" 200 0
[02/May/2026 19:32:43] "OPTIONS /api/v1/leaves/balances/ HTTP/1.1" 200 0
[02/May/2026 19:32:43] "GET /api/v1/leaves/balances/ HTTP/1.1" 200 52
[02/May/2026 19:32:43] "GET /api/v1/leaves/requests/ HTTP/1.1" 200 52
[02/May/2026 19:32:43] "GET /api/v1/leaves/balances/ HTTP/1.1" 200 52
[02/May/2026 19:32:43] "GET /api/v1/leaves/requests/ HTTP/1.1" 200 52
[02/May/2026 19:32:44] "OPTIONS /api/v1/certificates/missions/ HTTP/1.1" 200 0
[02/May/2026 19:32:44] "OPTIONS /api/v1/certificates/missions/ HTTP/1.1" 200 0
[02/May/2026 19:32:44] "GET /api/v1/certificates/missions/ HTTP/1.1" 200 52
[02/May/2026 19:32:44] "GET /api/v1/certificates/missions/ HTTP/1.1" 200 52
[02/May/2026 19:32:50] "OPTIONS /api/v1/notifications/ HTTP/1.1" 200 0
[02/May/2026 19:32:50] "OPTIONS /api/v1/notifications/ HTTP/1.1" 200 0
[02/May/2026 19:32:50] "GET /api/v1/notifications/ HTTP/1.1" 200 388
[02/May/2026 19:32:50] "GET /api/v1/notifications/ HTTP/1.1" 200 388
[02/May/2026 19:32:54] "OPTIONS /api/v1/notifications/ec756c34-0eee-4394-9aa9-844f46197d1d/read/ HTTP/1.1" 200 0
[02/May/2026 19:32:54] "POST /api/v1/notifications/ec756c34-0eee-4394-9aa9-844f46197d1d/read/ HTTP/1.1" 200 365
[02/May/2026 19:32:54] "GET /api/v1/leaves/balances/ HTTP/1.1" 200 52
[02/May/2026 19:32:54] "GET /api/v1/leaves/requests/ HTTP/1.1" 200 52
[02/May/2026 19:32:54] "GET /api/v1/leaves/balances/ HTTP/1.1" 200 52
[02/May/2026 19:32:54] "GET /api/v1/leaves/requests/ HTTP/1.1" 200 52
[02/May/2026 19:32:57] "GET /api/v1/notifications/ HTTP/1.1" 200 417
[02/May/2026 19:32:57] "GET /api/v1/notifications/ HTTP/1.1" 200 417
[02/May/2026 19:32:59] "GET /api/v1/leaves/balances/ HTTP/1.1" 200 52
[02/May/2026 19:32:59] "GET /api/v1/leaves/requests/ HTTP/1.1" 200 52
[02/May/2026 19:32:59] "GET /api/v1/leaves/balances/ HTTP/1.1" 200 52
[02/May/2026 19:32:59] "GET /api/v1/leaves/requests/ HTTP/1.1" 200 52
[02/May/2026 19:32:59] "GET /api/v1/leaves/types/ HTTP/1.1" 200 2001
[02/May/2026 19:32:59] "GET /api/v1/leaves/types/ HTTP/1.1" 200 2001
[02/May/2026 19:33:00] "GET /api/v1/requests/mine/ HTTP/1.1" 200 2
[02/May/2026 19:33:00] "GET /api/v1/requests/mine/ HTTP/1.1" 200 2
[02/May/2026 19:33:01] "GET /api/v1/certificates/templates/ HTTP/1.1" 200 7524
[02/May/2026 19:33:01] "GET /api/v1/certificates/templates/ HTTP/1.1" 200 7524
[02/May/2026 19:33:03] "GET /api/v1/requests/mine/ HTTP/1.1" 200 2
[02/May/2026 19:33:03] "GET /api/v1/requests/mine/ HTTP/1.1" 200 2
[02/May/2026 19:33:12] "GET /api/v1/notifications/unread-count/ HTTP/1.1" 200 18
[02/May/2026 19:33:42] "GET /api/v1/notifications/unread-count/ HTTP/1.1" 200 18
[02/May/2026 19:34:12] "GET /api/v1/notifications/unread-count/ HTTP/1.1" 200 18
[02/May/2026 19:34:42] "GET /api/v1/notifications/unread-count/ HTTP/1.1" 200 18
[02/May/2026 19:35:12] "GET /api/v1/notifications/unread-count/ HTTP/1.1" 200 18
[02/May/2026 19:35:42] "GET /api/v1/notifications/unread-count/ HTTP/1.1" 200 18
[02/May/2026 19:35:45] "GET /api/v1/requests/mine/ HTTP/1.1" 200 2
[02/May/2026 19:35:45] "GET /api/v1/requests/mine/ HTTP/1.1" 200 2
[02/May/2026 19:36:05] "GET /api/v1/certificates/templates/ HTTP/1.1" 200 7524
[02/May/2026 19:36:05] "GET /api/v1/certificates/templates/ HTTP/1.1" 200 7524
[02/May/2026 19:36:07] "GET /api/v1/requests/mine/ HTTP/1.1" 200 2
[02/May/2026 19:36:07] "GET /api/v1/requests/mine/ HTTP/1.1" 200 2
[02/May/2026 19:36:09] "GET /api/v1/leaves/types/ HTTP/1.1" 200 2001
[02/May/2026 19:36:09] "GET /api/v1/leaves/types/ HTTP/1.1" 200 2001
[02/May/2026 19:36:12] "GET /api/v1/notifications/unread-count/ HTTP/1.1" 200 18
[02/May/2026 19:36:13] "GET /api/v1/requests/mine/ HTTP/1.1" 200 2
[02/May/2026 19:36:13] "GET /api/v1/requests/mine/ HTTP/1.1" 200 2
[02/May/2026 19:36:15] "GET /api/v1/certificates/missions/ HTTP/1.1" 200 52
[02/May/2026 19:36:15] "GET /api/v1/certificates/missions/ HTTP/1.1" 200 52
[02/May/2026 19:36:18] "GET /api/v1/requests/mine/ HTTP/1.1" 200 2
[02/May/2026 19:36:18] "GET /api/v1/requests/mine/ HTTP/1.1" 200 2
[02/May/2026 19:36:43] "GET /api/v1/notifications/unread-count/ HTTP/1.1" 200 18
[02/May/2026 19:37:13] "GET /api/v1/notifications/unread-count/ HTTP/1.1" 200 18
[02/May/2026 19:37:51] "OPTIONS /api/v1/auth/profile/ HTTP/1.1" 200 0
[02/May/2026 19:37:51] "OPTIONS /api/v1/auth/profile/ HTTP/1.1" 200 0
[02/May/2026 19:37:51] "GET /api/v1/auth/profile/ HTTP/1.1" 200 360
[02/May/2026 19:37:51] "GET /api/v1/auth/profile/ HTTP/1.1" 200 360
[02/May/2026 19:37:51] "GET /api/v1/notifications/unread-count/ HTTP/1.1" 200 18
[02/May/2026 19:37:51] "GET /api/v1/requests/mine/ HTTP/1.1" 200 2
[02/May/2026 19:37:51] "GET /api/v1/notifications/unread-count/ HTTP/1.1" 200 18
[02/May/2026 19:37:51] "GET /api/v1/requests/mine/ HTTP/1.1" 200 2
[02/May/2026 19:38:03] "GET /api/v1/certificates/templates/ HTTP/1.1" 200 7524
[02/May/2026 19:38:03] "GET /api/v1/certificates/templates/ HTTP/1.1" 200 7524
[02/May/2026 19:38:03] "GET /api/v1/requests/mine/ HTTP/1.1" 200 2
[02/May/2026 19:38:03] "GET /api/v1/requests/mine/ HTTP/1.1" 200 2
[02/May/2026 19:38:05] "GET /api/v1/leaves/types/ HTTP/1.1" 200 2001
[02/May/2026 19:38:05] "GET /api/v1/leaves/types/ HTTP/1.1" 200 2001
[02/May/2026 19:38:05] "GET /api/v1/leaves/balances/ HTTP/1.1" 200 52
[02/May/2026 19:38:05] "GET /api/v1/leaves/requests/ HTTP/1.1" 200 52
[02/May/2026 19:38:05] "GET /api/v1/leaves/requests/ HTTP/1.1" 200 52
[02/May/2026 19:38:05] "GET /api/v1/leaves/balances/ HTTP/1.1" 200 52
[02/May/2026 19:38:07] "GET /api/v1/certificates/missions/ HTTP/1.1" 200 52
[02/May/2026 19:38:07] "GET /api/v1/certificates/missions/ HTTP/1.1" 200 52
[02/May/2026 19:38:11] "GET /api/v1/leaves/balances/ HTTP/1.1" 200 52
[02/May/2026 19:38:11] "GET /api/v1/leaves/requests/ HTTP/1.1" 200 52
[02/May/2026 19:38:11] "GET /api/v1/leaves/requests/ HTTP/1.1" 200 52
[02/May/2026 19:38:11] "GET /api/v1/leaves/balances/ HTTP/1.1" 200 52
[02/May/2026 19:38:17] "GET /api/v1/leaves/types/ HTTP/1.1" 200 2001
[02/May/2026 19:38:17] "GET /api/v1/leaves/types/ HTTP/1.1" 200 2001
[02/May/2026 19:38:21] "GET /api/v1/notifications/unread-count/ HTTP/1.1" 200 18
[02/May/2026 19:38:21] "GET /api/v1/requests/mine/ HTTP/1.1" 200 2
[02/May/2026 19:38:21] "GET /api/v1/requests/mine/ HTTP/1.1" 200 2
[02/May/2026 19:38:31] "GET /api/v1/certificates/templates/ HTTP/1.1" 200 7524
[02/May/2026 19:38:31] "GET /api/v1/certificates/templates/ HTTP/1.1" 200 7524
[02/May/2026 19:38:39] "GET /api/v1/leaves/types/ HTTP/1.1" 200 2001
[02/May/2026 19:38:39] "GET /api/v1/leaves/types/ HTTP/1.1" 200 2001
[02/May/2026 19:38:51] "GET /api/v1/notifications/unread-count/ HTTP/1.1" 200 18
[02/May/2026 19:39:21] "GET /api/v1/notifications/unread-count/ HTTP/1.1" 200 18
[02/May/2026 19:39:34] "GET /api/v1/auth/profile/ HTTP/1.1" 200 360
[02/May/2026 19:39:34] "GET /api/v1/auth/profile/ HTTP/1.1" 200 360
[02/May/2026 19:39:34] "GET /api/v1/notifications/unread-count/ HTTP/1.1" 200 18
[02/May/2026 19:39:34] "GET /api/v1/leaves/types/ HTTP/1.1" 200 2001
[02/May/2026 19:39:34] "GET /api/v1/notifications/unread-count/ HTTP/1.1" 200 18
[02/May/2026 19:39:34] "GET /api/v1/leaves/types/ HTTP/1.1" 200 2001
[02/May/2026 19:39:46] "GET /api/v1/requests/mine/ HTTP/1.1" 200 2
[02/May/2026 19:39:46] "GET /api/v1/requests/mine/ HTTP/1.1" 200 2
[02/May/2026 19:39:47] "GET /api/v1/certificates/templates/ HTTP/1.1" 200 7524
[02/May/2026 19:39:47] "GET /api/v1/certificates/templates/ HTTP/1.1" 200 7524
[02/May/2026 19:39:50] "GET /api/v1/leaves/types/ HTTP/1.1" 200 2001
[02/May/2026 19:39:50] "GET /api/v1/leaves/types/ HTTP/1.1" 200 2001
[02/May/2026 19:39:53] "GET /api/v1/leaves/balances/ HTTP/1.1" 200 52
[02/May/2026 19:39:53] "GET /api/v1/leaves/requests/ HTTP/1.1" 200 52
[02/May/2026 19:39:53] "GET /api/v1/leaves/balances/ HTTP/1.1" 200 52
[02/May/2026 19:39:53] "GET /api/v1/leaves/requests/ HTTP/1.1" 200 52
[02/May/2026 19:39:54] "GET /api/v1/leaves/types/ HTTP/1.1" 200 2001
[02/May/2026 19:39:54] "GET /api/v1/leaves/types/ HTTP/1.1" 200 2001
[02/May/2026 19:40:02] "GET /api/v1/requests/mine/ HTTP/1.1" 200 2
[02/May/2026 19:40:02] "GET /api/v1/requests/mine/ HTTP/1.1" 200 2
[02/May/2026 19:40:04] "GET /api/v1/notifications/unread-count/ HTTP/1.1" 200 18
[02/May/2026 19:40:04] "GET /api/v1/auth/profile/ HTTP/1.1" 200 360
[02/May/2026 19:40:04] "GET /api/v1/auth/profile/ HTTP/1.1" 200 360
[02/May/2026 19:40:04] "GET /api/v1/notifications/unread-count/ HTTP/1.1" 200 18
[02/May/2026 19:40:04] "GET /api/v1/requests/mine/ HTTP/1.1" 200 2
[02/May/2026 19:40:04] "GET /api/v1/notifications/unread-count/ HTTP/1.1" 200 18
[02/May/2026 19:40:04] "GET /api/v1/requests/mine/ HTTP/1.1" 200 2
[02/May/2026 19:40:05] "GET /api/v1/requests/mine/ HTTP/1.1" 200 2
[02/May/2026 19:40:05] "GET /api/v1/requests/mine/ HTTP/1.1" 200 2
[02/May/2026 19:40:06] "GET /api/v1/certificates/templates/ HTTP/1.1" 200 7524
[02/May/2026 19:40:06] "GET /api/v1/certificates/templates/ HTTP/1.1" 200 7524
[02/May/2026 19:40:07] "GET /api/v1/leaves/types/ HTTP/1.1" 200 2001
[02/May/2026 19:40:07] "GET /api/v1/leaves/types/ HTTP/1.1" 200 2001
[02/May/2026 19:40:10] "GET /api/v1/requests/mine/ HTTP/1.1" 200 2
[02/May/2026 19:40:10] "GET /api/v1/requests/mine/ HTTP/1.1" 200 2
[02/May/2026 19:40:13] "GET /api/v1/leaves/balances/ HTTP/1.1" 200 52
[02/May/2026 19:40:13] "GET /api/v1/leaves/requests/ HTTP/1.1" 200 52
[02/May/2026 19:40:13] "GET /api/v1/leaves/balances/ HTTP/1.1" 200 52
[02/May/2026 19:40:13] "GET /api/v1/leaves/requests/ HTTP/1.1" 200 52
[02/May/2026 19:40:14] "GET /api/v1/leaves/types/ HTTP/1.1" 200 2001
[02/May/2026 19:40:14] "GET /api/v1/leaves/types/ HTTP/1.1" 200 2001
[02/May/2026 19:40:35] "GET /api/v1/notifications/unread-count/ HTTP/1.1" 200 18
[02/May/2026 19:41:05] "GET /api/v1/notifications/unread-count/ HTTP/1.1" 200 18
[02/May/2026 19:41:34] "GET /api/v1/notifications/unread-count/ HTTP/1.1" 200 18
[02/May/2026 19:41:43] "GET /api/v1/auth/profile/ HTTP/1.1" 200 360
[02/May/2026 19:41:43] "GET /api/v1/auth/profile/ HTTP/1.1" 200 360
[02/May/2026 19:41:43] "GET /api/v1/notifications/unread-count/ HTTP/1.1" 200 18
[02/May/2026 19:41:43] "GET /api/v1/leaves/types/ HTTP/1.1" 200 1029
[02/May/2026 19:41:43] "GET /api/v1/notifications/unread-count/ HTTP/1.1" 200 18
[02/May/2026 19:41:43] "GET /api/v1/leaves/types/ HTTP/1.1" 200 1029
[02/May/2026 19:41:55] "GET /api/v1/leaves/requests/ HTTP/1.1" 200 52
[02/May/2026 19:41:55] "GET /api/v1/leaves/balances/ HTTP/1.1" 200 52
[02/May/2026 19:41:55] "GET /api/v1/leaves/requests/ HTTP/1.1" 200 52
[02/May/2026 19:41:55] "GET /api/v1/leaves/balances/ HTTP/1.1" 200 52
[02/May/2026 19:41:57] "GET /api/v1/certificates/missions/ HTTP/1.1" 200 52
[02/May/2026 19:41:57] "GET /api/v1/certificates/missions/ HTTP/1.1" 200 52
[02/May/2026 19:41:59] "GET /api/v1/requests/mine/ HTTP/1.1" 200 2
[02/May/2026 19:41:59] "GET /api/v1/requests/mine/ HTTP/1.1" 200 2
[02/May/2026 19:42:06] "GET /api/v1/certificates/templates/ HTTP/1.1" 200 7524
[02/May/2026 19:42:06] "GET /api/v1/certificates/templates/ HTTP/1.1" 200 7524
[02/May/2026 19:42:07] "GET /api/v1/leaves/types/ HTTP/1.1" 200 1029
[02/May/2026 19:42:07] "GET /api/v1/leaves/types/ HTTP/1.1" 200 1029
[02/May/2026 19:42:13] "GET /api/v1/notifications/unread-count/ HTTP/1.1" 200 18
[02/May/2026 19:42:31] "GET /api/v1/requests/mine/ HTTP/1.1" 200 2
[02/May/2026 19:42:31] "GET /api/v1/requests/mine/ HTTP/1.1" 200 2
[02/May/2026 19:42:40] "GET /api/v1/certificates/templates/ HTTP/1.1" 200 7524
[02/May/2026 19:42:40] "GET /api/v1/certificates/templates/ HTTP/1.1" 200 7524
[02/May/2026 19:42:42] "GET /api/v1/leaves/types/ HTTP/1.1" 200 1029
[02/May/2026 19:42:42] "GET /api/v1/leaves/types/ HTTP/1.1" 200 1029
[02/May/2026 19:42:43] "GET /api/v1/notifications/unread-count/ HTTP/1.1" 200 18
[02/May/2026 19:43:13] "GET /api/v1/notifications/unread-count/ HTTP/1.1" 200 18
[02/May/2026 19:43:44] "GET /api/v1/notifications/unread-count/ HTTP/1.1" 200 18
[02/May/2026 19:43:53] "GET /api/v1/auth/profile/ HTTP/1.1" 200 360
[02/May/2026 19:43:53] "GET /api/v1/auth/profile/ HTTP/1.1" 200 360
[02/May/2026 19:43:53] "GET /api/v1/notifications/unread-count/ HTTP/1.1" 200 18
[02/May/2026 19:43:53] "GET /api/v1/leaves/types/ HTTP/1.1" 200 1029
[02/May/2026 19:43:53] "GET /api/v1/notifications/unread-count/ HTTP/1.1" 200 18
[02/May/2026 19:43:53] "GET /api/v1/leaves/types/ HTTP/1.1" 200 1029
[02/May/2026 19:44:03] "GET /api/v1/certificates/missions/ HTTP/1.1" 200 52
[02/May/2026 19:44:03] "GET /api/v1/certificates/missions/ HTTP/1.1" 200 52
[02/May/2026 19:44:04] "GET /api/v1/leaves/requests/ HTTP/1.1" 200 52
[02/May/2026 19:44:04] "GET /api/v1/leaves/balances/ HTTP/1.1" 200 52
[02/May/2026 19:44:04] "GET /api/v1/leaves/requests/ HTTP/1.1" 200 52
[02/May/2026 19:44:04] "GET /api/v1/leaves/balances/ HTTP/1.1" 200 52
[02/May/2026 19:44:05] "GET /api/v1/requests/mine/ HTTP/1.1" 200 2
[02/May/2026 19:44:05] "GET /api/v1/requests/mine/ HTTP/1.1" 200 2
[02/May/2026 19:44:07] "GET /api/v1/certificates/templates/ HTTP/1.1" 200 7524
[02/May/2026 19:44:07] "GET /api/v1/certificates/templates/ HTTP/1.1" 200 7524
[02/May/2026 19:44:09] "GET /api/v1/leaves/types/ HTTP/1.1" 200 1029
[02/May/2026 19:44:09] "GET /api/v1/leaves/types/ HTTP/1.1" 200 1029
[02/May/2026 19:44:12] "GET /api/v1/leaves/requests/ HTTP/1.1" 200 52
[02/May/2026 19:44:12] "GET /api/v1/leaves/balances/ HTTP/1.1" 200 52
[02/May/2026 19:44:12] "GET /api/v1/leaves/requests/ HTTP/1.1" 200 52
[02/May/2026 19:44:12] "GET /api/v1/leaves/balances/ HTTP/1.1" 200 52
[02/May/2026 19:44:12] "GET /api/v1/certificates/missions/ HTTP/1.1" 200 52
[02/May/2026 19:44:12] "GET /api/v1/certificates/missions/ HTTP/1.1" 200 52
[02/May/2026 19:44:14] "GET /api/v1/requests/mine/ HTTP/1.1" 200 2
[02/May/2026 19:44:14] "GET /api/v1/requests/mine/ HTTP/1.1" 200 2
[02/May/2026 19:44:15] "GET /api/v1/certificates/templates/ HTTP/1.1" 200 7524
[02/May/2026 19:44:15] "GET /api/v1/certificates/templates/ HTTP/1.1" 200 7524
[02/May/2026 19:44:16] "GET /api/v1/requests/mine/ HTTP/1.1" 200 2
[02/May/2026 19:44:16] "GET /api/v1/requests/mine/ HTTP/1.1" 200 2
[02/May/2026 19:44:23] "GET /api/v1/notifications/unread-count/ HTTP/1.1" 200 18
[02/May/2026 19:44:53] "GET /api/v1/notifications/unread-count/ HTTP/1.1" 200 18
[02/May/2026 19:45:12] "GET /api/v1/leaves/requests/ HTTP/1.1" 200 52
[02/May/2026 19:45:12] "GET /api/v1/leaves/balances/ HTTP/1.1" 200 52
[02/May/2026 19:45:12] "GET /api/v1/leaves/balances/ HTTP/1.1" 200 52
[02/May/2026 19:45:12] "GET /api/v1/leaves/requests/ HTTP/1.1" 200 52
[02/May/2026 19:45:13] "GET /api/v1/requests/mine/ HTTP/1.1" 200 2
[02/May/2026 19:45:13] "GET /api/v1/requests/mine/ HTTP/1.1" 200 2
[02/May/2026 19:45:14] "GET /api/v1/certificates/templates/ HTTP/1.1" 200 7524
[02/May/2026 19:45:14] "GET /api/v1/certificates/templates/ HTTP/1.1" 200 7524
[02/May/2026 19:45:15] "GET /api/v1/leaves/types/ HTTP/1.1" 200 1029
[02/May/2026 19:45:15] "GET /api/v1/leaves/types/ HTTP/1.1" 200 1029
[02/May/2026 19:45:15] "GET /api/v1/certificates/templates/ HTTP/1.1" 200 7524
[02/May/2026 19:45:15] "GET /api/v1/certificates/templates/ HTTP/1.1" 200 7524
[02/May/2026 19:45:16] "GET /api/v1/leaves/types/ HTTP/1.1" 200 1029
[02/May/2026 19:45:16] "GET /api/v1/leaves/types/ HTTP/1.1" 200 1029
[02/May/2026 19:45:22] "GET /api/v1/certificates/templates/ HTTP/1.1" 200 7524
[02/May/2026 19:45:22] "GET /api/v1/certificates/templates/ HTTP/1.1" 200 7524
[02/May/2026 19:45:23] "GET /api/v1/notifications/unread-count/ HTTP/1.1" 200 18
[02/May/2026 19:45:24] "GET /api/v1/leaves/balances/ HTTP/1.1" 200 52
[02/May/2026 19:45:24] "GET /api/v1/leaves/requests/ HTTP/1.1" 200 52
[02/May/2026 19:45:24] "GET /api/v1/leaves/balances/ HTTP/1.1" 200 52
[02/May/2026 19:45:24] "GET /api/v1/leaves/requests/ HTTP/1.1" 200 52
[02/May/2026 19:45:25] "GET /api/v1/certificates/missions/ HTTP/1.1" 200 52
[02/May/2026 19:45:25] "GET /api/v1/certificates/missions/ HTTP/1.1" 200 52
[02/May/2026 19:45:26] "GET /api/v1/leaves/balances/ HTTP/1.1" 200 52
[02/May/2026 19:45:26] "GET /api/v1/leaves/requests/ HTTP/1.1" 200 52
[02/May/2026 19:45:26] "GET /api/v1/leaves/balances/ HTTP/1.1" 200 52
[02/May/2026 19:45:26] "GET /api/v1/leaves/requests/ HTTP/1.1" 200 52
[02/May/2026 19:45:26] "GET /api/v1/requests/mine/ HTTP/1.1" 200 2
[02/May/2026 19:45:26] "GET /api/v1/requests/mine/ HTTP/1.1" 200 2
[02/May/2026 19:45:27] "GET /api/v1/leaves/balances/ HTTP/1.1" 200 52
[02/May/2026 19:45:27] "GET /api/v1/leaves/requests/ HTTP/1.1" 200 52
[02/May/2026 19:45:27] "GET /api/v1/leaves/balances/ HTTP/1.1" 200 52
[02/May/2026 19:45:28] "GET /api/v1/leaves/requests/ HTTP/1.1" 200 52
[02/May/2026 19:45:29] "GET /api/v1/requests/mine/ HTTP/1.1" 200 2
[02/May/2026 19:45:29] "GET /api/v1/requests/mine/ HTTP/1.1" 200 2
[02/May/2026 19:45:29] "GET /api/v1/certificates/templates/ HTTP/1.1" 200 7524
[02/May/2026 19:45:29] "GET /api/v1/certificates/templates/ HTTP/1.1" 200 7524
[02/May/2026 19:45:30] "GET /api/v1/leaves/types/ HTTP/1.1" 200 1029
[02/May/2026 19:45:30] "GET /api/v1/leaves/types/ HTTP/1.1" 200 1029
[02/May/2026 19:45:40] "GET /api/v1/certificates/templates/ HTTP/1.1" 200 7524
[02/May/2026 19:45:40] "GET /api/v1/certificates/templates/ HTTP/1.1" 200 7524
[02/May/2026 19:45:53] "GET /api/v1/notifications/unread-count/ HTTP/1.1" 200 18
[02/May/2026 19:46:23] "GET /api/v1/notifications/unread-count/ HTTP/1.1" 200 18
[02/May/2026 19:46:53] "GET /api/v1/notifications/unread-count/ HTTP/1.1" 200 18
[02/May/2026 19:47:23] "GET /api/v1/notifications/unread-count/ HTTP/1.1" 200 18
[02/May/2026 19:47:39] "GET /api/v1/requests/mine/ HTTP/1.1" 200 2
[02/May/2026 19:47:39] "GET /api/v1/requests/mine/ HTTP/1.1" 200 2
[02/May/2026 19:47:43] "GET /api/v1/certificates/templates/ HTTP/1.1" 200 7524
[02/May/2026 19:47:43] "GET /api/v1/certificates/templates/ HTTP/1.1" 200 7524
[02/May/2026 19:47:43] "GET /api/v1/requests/mine/ HTTP/1.1" 200 2
[02/May/2026 19:47:43] "GET /api/v1/requests/mine/ HTTP/1.1" 200 2
[02/May/2026 19:47:44] "GET /api/v1/leaves/requests/ HTTP/1.1" 200 52
[02/May/2026 19:47:44] "GET /api/v1/leaves/balances/ HTTP/1.1" 200 52
[02/May/2026 19:47:44] "GET /api/v1/leaves/requests/ HTTP/1.1" 200 52
[02/May/2026 19:47:44] "GET /api/v1/leaves/balances/ HTTP/1.1" 200 52
[02/May/2026 19:47:45] "GET /api/v1/requests/mine/ HTTP/1.1" 200 2
[02/May/2026 19:47:45] "GET /api/v1/requests/mine/ HTTP/1.1" 200 2
[02/May/2026 19:47:53] "GET /api/v1/notifications/unread-count/ HTTP/1.1" 200 18
[02/May/2026 19:48:23] "GET /api/v1/notifications/unread-count/ HTTP/1.1" 200 18
[02/May/2026 19:48:52] "GET /api/v1/notifications/ HTTP/1.1" 200 417
[02/May/2026 19:48:52] "GET /api/v1/notifications/ HTTP/1.1" 200 417
[02/May/2026 19:48:53] "GET /api/v1/notifications/unread-count/ HTTP/1.1" 200 18
[02/May/2026 19:49:17] "GET /api/v1/requests/mine/ HTTP/1.1" 200 2
[02/May/2026 19:49:17] "GET /api/v1/requests/mine/ HTTP/1.1" 200 2
[02/May/2026 19:49:18] "GET /api/v1/certificates/templates/ HTTP/1.1" 200 7524
[02/May/2026 19:49:18] "GET /api/v1/certificates/templates/ HTTP/1.1" 200 7524
[02/May/2026 19:49:19] "GET /api/v1/leaves/types/ HTTP/1.1" 200 1029
[02/May/2026 19:49:19] "GET /api/v1/leaves/types/ HTTP/1.1" 200 1029
[02/May/2026 19:49:20] "GET /api/v1/certificates/templates/ HTTP/1.1" 200 7524
[02/May/2026 19:49:20] "GET /api/v1/certificates/templates/ HTTP/1.1" 200 7524
[02/May/2026 19:49:22] "GET /api/v1/requests/mine/ HTTP/1.1" 200 2
[02/May/2026 19:49:22] "GET /api/v1/requests/mine/ HTTP/1.1" 200 2
[02/May/2026 19:49:23] "GET /api/v1/notifications/unread-count/ HTTP/1.1" 200 18
[02/May/2026 19:49:23] "GET /api/v1/leaves/balances/ HTTP/1.1" 200 52
[02/May/2026 19:49:23] "GET /api/v1/leaves/requests/ HTTP/1.1" 200 52
[02/May/2026 19:49:23] "GET /api/v1/leaves/balances/ HTTP/1.1" 200 52
[02/May/2026 19:49:23] "GET /api/v1/leaves/requests/ HTTP/1.1" 200 52
[02/May/2026 19:49:24] "GET /api/v1/certificates/missions/ HTTP/1.1" 200 52
[02/May/2026 19:49:24] "GET /api/v1/certificates/missions/ HTTP/1.1" 200 52
[02/May/2026 19:49:25] "GET /api/v1/leaves/balances/ HTTP/1.1" 200 52
[02/May/2026 19:49:25] "GET /api/v1/leaves/requests/ HTTP/1.1" 200 52
[02/May/2026 19:49:25] "GET /api/v1/leaves/balances/ HTTP/1.1" 200 52
[02/May/2026 19:49:25] "GET /api/v1/leaves/requests/ HTTP/1.1" 200 52
[02/May/2026 19:49:26] "GET /api/v1/requests/mine/ HTTP/1.1" 200 2
[02/May/2026 19:49:26] "GET /api/v1/requests/mine/ HTTP/1.1" 200 2
[02/May/2026 19:49:26] "GET /api/v1/certificates/templates/ HTTP/1.1" 200 7524
[02/May/2026 19:49:26] "GET /api/v1/certificates/templates/ HTTP/1.1" 200 7524
[02/May/2026 19:49:27] "GET /api/v1/requests/mine/ HTTP/1.1" 200 2
[02/May/2026 19:49:27] "GET /api/v1/requests/mine/ HTTP/1.1" 200 2
[02/May/2026 19:49:53] "GET /api/v1/notifications/unread-count/ HTTP/1.1" 200 18
[02/May/2026 19:50:23] "GET /api/v1/notifications/unread-count/ HTTP/1.1" 200 18
[02/May/2026 19:50:38] "GET /api/v1/notifications/ HTTP/1.1" 200 417
[02/May/2026 19:50:38] "GET /api/v1/notifications/ HTTP/1.1" 200 417
[02/May/2026 19:50:40] "GET /api/v1/requests/mine/ HTTP/1.1" 200 2
[02/May/2026 19:50:40] "GET /api/v1/requests/mine/ HTTP/1.1" 200 2
[02/May/2026 19:50:40] "GET /api/v1/certificates/templates/ HTTP/1.1" 200 7524
[02/May/2026 19:50:40] "GET /api/v1/certificates/templates/ HTTP/1.1" 200 7524
[02/May/2026 19:50:41] "GET /api/v1/requests/mine/ HTTP/1.1" 200 2
[02/May/2026 19:50:41] "GET /api/v1/requests/mine/ HTTP/1.1" 200 2
[02/May/2026 19:50:42] "GET /api/v1/leaves/balances/ HTTP/1.1" 200 52
[02/May/2026 19:50:42] "GET /api/v1/leaves/requests/ HTTP/1.1" 200 52
[02/May/2026 19:50:42] "GET /api/v1/leaves/balances/ HTTP/1.1" 200 52
[02/May/2026 19:50:42] "GET /api/v1/leaves/requests/ HTTP/1.1" 200 52
[02/May/2026 19:50:43] "GET /api/v1/certificates/missions/ HTTP/1.1" 200 52
[02/May/2026 19:50:43] "GET /api/v1/certificates/missions/ HTTP/1.1" 200 52
[02/May/2026 19:50:44] "GET /api/v1/leaves/requests/ HTTP/1.1" 200 52
[02/May/2026 19:50:44] "GET /api/v1/leaves/balances/ HTTP/1.1" 200 52
[02/May/2026 19:50:44] "GET /api/v1/leaves/requests/ HTTP/1.1" 200 52
[02/May/2026 19:50:44] "GET /api/v1/leaves/balances/ HTTP/1.1" 200 52
[02/May/2026 19:50:45] "GET /api/v1/requests/mine/ HTTP/1.1" 200 2
[02/May/2026 19:50:45] "GET /api/v1/requests/mine/ HTTP/1.1" 200 2
[02/May/2026 19:50:46] "GET /api/v1/certificates/templates/ HTTP/1.1" 200 7524
[02/May/2026 19:50:46] "GET /api/v1/certificates/templates/ HTTP/1.1" 200 7524
[02/May/2026 19:50:53] "GET /api/v1/notifications/unread-count/ HTTP/1.1" 200 18
[02/May/2026 19:51:23] "GET /api/v1/notifications/unread-count/ HTTP/1.1" 200 18
[02/May/2026 19:51:53] "GET /api/v1/notifications/unread-count/ HTTP/1.1" 200 18
[02/May/2026 19:52:23] "GET /api/v1/notifications/unread-count/ HTTP/1.1" 200 18
[02/May/2026 19:52:53] "GET /api/v1/notifications/unread-count/ HTTP/1.1" 200 18
[02/May/2026 19:53:15] "GET /api/v1/requests/mine/ HTTP/1.1" 200 2
[02/May/2026 19:53:15] "GET /api/v1/requests/mine/ HTTP/1.1" 200 2
[02/May/2026 19:53:17] "GET /api/v1/certificates/templates/ HTTP/1.1" 200 7524
[02/May/2026 19:53:17] "GET /api/v1/certificates/templates/ HTTP/1.1" 200 7524
[02/May/2026 19:53:17] "GET /api/v1/requests/mine/ HTTP/1.1" 200 2
[02/May/2026 19:53:17] "GET /api/v1/requests/mine/ HTTP/1.1" 200 2
[02/May/2026 19:53:18] "GET /api/v1/leaves/requests/ HTTP/1.1" 200 52
[02/May/2026 19:53:18] "GET /api/v1/leaves/balances/ HTTP/1.1" 200 52
[02/May/2026 19:53:18] "GET /api/v1/leaves/requests/ HTTP/1.1" 200 52
[02/May/2026 19:53:18] "GET /api/v1/leaves/balances/ HTTP/1.1" 200 52
[02/May/2026 19:53:18] "GET /api/v1/certificates/missions/ HTTP/1.1" 200 52
[02/May/2026 19:53:18] "GET /api/v1/certificates/missions/ HTTP/1.1" 200 52
[02/May/2026 19:53:19] "GET /api/v1/leaves/balances/ HTTP/1.1" 200 52
[02/May/2026 19:53:19] "GET /api/v1/leaves/requests/ HTTP/1.1" 200 52
[02/May/2026 19:53:19] "GET /api/v1/leaves/balances/ HTTP/1.1" 200 52
[02/May/2026 19:53:19] "GET /api/v1/leaves/requests/ HTTP/1.1" 200 52
[02/May/2026 19:53:19] "GET /api/v1/requests/mine/ HTTP/1.1" 200 2
[02/May/2026 19:53:19] "GET /api/v1/requests/mine/ HTTP/1.1" 200 2
[02/May/2026 19:53:20] "GET /api/v1/certificates/templates/ HTTP/1.1" 200 7524
[02/May/2026 19:53:20] "GET /api/v1/certificates/templates/ HTTP/1.1" 200 7524
[02/May/2026 19:53:20] "GET /api/v1/requests/mine/ HTTP/1.1" 200 2
[02/May/2026 19:53:20] "GET /api/v1/requests/mine/ HTTP/1.1" 200 2
[02/May/2026 19:53:21] "GET /api/v1/notifications/ HTTP/1.1" 200 417
[02/May/2026 19:53:21] "GET /api/v1/notifications/ HTTP/1.1" 200 417
[02/May/2026 19:53:21] "GET /api/v1/requests/mine/ HTTP/1.1" 200 2
[02/May/2026 19:53:22] "GET /api/v1/requests/mine/ HTTP/1.1" 200 2
[02/May/2026 19:53:22] "GET /api/v1/certificates/templates/ HTTP/1.1" 200 7524
[02/May/2026 19:53:22] "GET /api/v1/certificates/templates/ HTTP/1.1" 200 7524
[02/May/2026 19:53:22] "GET /api/v1/requests/mine/ HTTP/1.1" 200 2
[02/May/2026 19:53:22] "GET /api/v1/requests/mine/ HTTP/1.1" 200 2
[02/May/2026 19:53:23] "GET /api/v1/notifications/unread-count/ HTTP/1.1" 200 18
[02/May/2026 19:53:23] "GET /api/v1/leaves/requests/ HTTP/1.1" 200 52
[02/May/2026 19:53:23] "GET /api/v1/leaves/balances/ HTTP/1.1" 200 52
[02/May/2026 19:53:23] "GET /api/v1/leaves/requests/ HTTP/1.1" 200 52
[02/May/2026 19:53:23] "GET /api/v1/leaves/balances/ HTTP/1.1" 200 52
[02/May/2026 19:53:23] "GET /api/v1/certificates/missions/ HTTP/1.1" 200 52
[02/May/2026 19:53:23] "GET /api/v1/certificates/missions/ HTTP/1.1" 200 52
[02/May/2026 19:53:23] "GET /api/v1/leaves/requests/ HTTP/1.1" 200 52
[02/May/2026 19:53:23] "GET /api/v1/leaves/balances/ HTTP/1.1" 200 52
[02/May/2026 19:53:24] "GET /api/v1/leaves/requests/ HTTP/1.1" 200 52
[02/May/2026 19:53:24] "GET /api/v1/leaves/balances/ HTTP/1.1" 200 52
[02/May/2026 19:53:24] "GET /api/v1/requests/mine/ HTTP/1.1" 200 2
[02/May/2026 19:53:24] "GET /api/v1/requests/mine/ HTTP/1.1" 200 2
[02/May/2026 19:53:24] "GET /api/v1/certificates/templates/ HTTP/1.1" 200 7524
[02/May/2026 19:53:24] "GET /api/v1/certificates/templates/ HTTP/1.1" 200 7524
[02/May/2026 19:53:24] "GET /api/v1/requests/mine/ HTTP/1.1" 200 2
[02/May/2026 19:53:24] "GET /api/v1/requests/mine/ HTTP/1.1" 200 2
[02/May/2026 19:53:24] "GET /api/v1/notifications/ HTTP/1.1" 200 417
[02/May/2026 19:53:24] "GET /api/v1/notifications/ HTTP/1.1" 200 417
[02/May/2026 19:53:24] "GET /api/v1/requests/mine/ HTTP/1.1" 200 2
[02/May/2026 19:53:24] "GET /api/v1/requests/mine/ HTTP/1.1" 200 2
[02/May/2026 19:53:24] "GET /api/v1/leaves/requests/ HTTP/1.1" 200 52
[02/May/2026 19:53:24] "GET /api/v1/leaves/balances/ HTTP/1.1" 200 52
[02/May/2026 19:53:24] "GET /api/v1/leaves/requests/ HTTP/1.1" 200 52
[02/May/2026 19:53:24] "GET /api/v1/leaves/balances/ HTTP/1.1" 200 52
[02/May/2026 19:53:25] "GET /api/v1/requests/mine/ HTTP/1.1" 200 2
[02/May/2026 19:53:25] "GET /api/v1/requests/mine/ HTTP/1.1" 200 2
[02/May/2026 19:53:25] "GET /api/v1/certificates/templates/ HTTP/1.1" 200 7524
[02/May/2026 19:53:25] "GET /api/v1/certificates/templates/ HTTP/1.1" 200 7524
[02/May/2026 19:53:25] "GET /api/v1/requests/mine/ HTTP/1.1" 200 2
[02/May/2026 19:53:25] "GET /api/v1/requests/mine/ HTTP/1.1" 200 2
[02/May/2026 19:53:25] "GET /api/v1/certificates/templates/ HTTP/1.1" 200 7524
[02/May/2026 19:53:25] "GET /api/v1/certificates/templates/ HTTP/1.1" 200 7524
[02/May/2026 19:53:25] "GET /api/v1/requests/mine/ HTTP/1.1" 200 2
[02/May/2026 19:53:25] "GET /api/v1/requests/mine/ HTTP/1.1" 200 2
[02/May/2026 19:53:25] "GET /api/v1/leaves/requests/ HTTP/1.1" 200 52
[02/May/2026 19:53:25] "GET /api/v1/leaves/balances/ HTTP/1.1" 200 52
[02/May/2026 19:53:25] "GET /api/v1/leaves/balances/ HTTP/1.1" 200 52
[02/May/2026 19:53:25] "GET /api/v1/leaves/requests/ HTTP/1.1" 200 52
[02/May/2026 19:53:26] "GET /api/v1/requests/mine/ HTTP/1.1" 200 2
[02/May/2026 19:53:26] "GET /api/v1/requests/mine/ HTTP/1.1" 200 2
[02/May/2026 19:53:26] "GET /api/v1/leaves/requests/ HTTP/1.1" 200 52
[02/May/2026 19:53:26] "GET /api/v1/leaves/balances/ HTTP/1.1" 200 52
[02/May/2026 19:53:26] "GET /api/v1/leaves/requests/ HTTP/1.1" 200 52
[02/May/2026 19:53:26] "GET /api/v1/leaves/balances/ HTTP/1.1" 200 52
[02/May/2026 19:53:26] "GET /api/v1/certificates/missions/ HTTP/1.1" 200 52
[02/May/2026 19:53:26] "GET /api/v1/certificates/missions/ HTTP/1.1" 200 52
[02/May/2026 19:53:26] "GET /api/v1/leaves/requests/ HTTP/1.1" 200 52
[02/May/2026 19:53:26] "GET /api/v1/leaves/balances/ HTTP/1.1" 200 52
[02/May/2026 19:53:26] "GET /api/v1/leaves/balances/ HTTP/1.1" 200 52
[02/May/2026 19:53:26] "GET /api/v1/leaves/requests/ HTTP/1.1" 200 52
[02/May/2026 19:53:26] "GET /api/v1/certificates/templates/ HTTP/1.1" 200 7524
[02/May/2026 19:53:26] "GET /api/v1/certificates/templates/ HTTP/1.1" 200 7524
[02/May/2026 19:53:26] "GET /api/v1/requests/mine/ HTTP/1.1" 200 2
[02/May/2026 19:53:26] "GET /api/v1/requests/mine/ HTTP/1.1" 200 2
[02/May/2026 19:53:26] "GET /api/v1/leaves/balances/ HTTP/1.1" 200 52
[02/May/2026 19:53:26] "GET /api/v1/leaves/requests/ HTTP/1.1" 200 52
[02/May/2026 19:53:26] "GET /api/v1/leaves/balances/ HTTP/1.1" 200 52
[02/May/2026 19:53:26] "GET /api/v1/leaves/requests/ HTTP/1.1" 200 52
[02/May/2026 19:53:27] "GET /api/v1/requests/mine/ HTTP/1.1" 200 2
[02/May/2026 19:53:27] "GET /api/v1/requests/mine/ HTTP/1.1" 200 2
[02/May/2026 19:53:27] "GET /api/v1/certificates/templates/ HTTP/1.1" 200 7524
[02/May/2026 19:53:27] "GET /api/v1/certificates/templates/ HTTP/1.1" 200 7524
[02/May/2026 19:53:27] "GET /api/v1/requests/mine/ HTTP/1.1" 200 2
[02/May/2026 19:53:27] "GET /api/v1/requests/mine/ HTTP/1.1" 200 2
[02/May/2026 19:53:27] "GET /api/v1/certificates/missions/ HTTP/1.1" 200 52
[02/May/2026 19:53:27] "GET /api/v1/certificates/missions/ HTTP/1.1" 200 52
[02/May/2026 19:53:28] "GET /api/v1/leaves/requests/ HTTP/1.1" 200 52
[02/May/2026 19:53:28] "GET /api/v1/leaves/balances/ HTTP/1.1" 200 52
[02/May/2026 19:53:28] "GET /api/v1/leaves/balances/ HTTP/1.1" 200 52
[02/May/2026 19:53:28] "GET /api/v1/leaves/requests/ HTTP/1.1" 200 52
[02/May/2026 19:53:28] "GET /api/v1/certificates/templates/ HTTP/1.1" 200 7524
[02/May/2026 19:53:28] "GET /api/v1/certificates/templates/ HTTP/1.1" 200 7524
[02/May/2026 19:53:28] "GET /api/v1/requests/mine/ HTTP/1.1" 200 2
[02/May/2026 19:53:28] "GET /api/v1/requests/mine/ HTTP/1.1" 200 2
[02/May/2026 19:53:29] "GET /api/v1/leaves/requests/ HTTP/1.1" 200 52
[02/May/2026 19:53:29] "GET /api/v1/leaves/balances/ HTTP/1.1" 200 52
[02/May/2026 19:53:29] "GET /api/v1/leaves/balances/ HTTP/1.1" 200 52
[02/May/2026 19:53:29] "GET /api/v1/leaves/requests/ HTTP/1.1" 200 52
[02/May/2026 19:53:29] "GET /api/v1/certificates/missions/ HTTP/1.1" 200 52
[02/May/2026 19:53:29] "GET /api/v1/certificates/missions/ HTTP/1.1" 200 52
[02/May/2026 19:53:29] "GET /api/v1/leaves/types/ HTTP/1.1" 200 1029
[02/May/2026 19:53:29] "GET /api/v1/leaves/types/ HTTP/1.1" 200 1029
[02/May/2026 19:53:29] "GET /api/v1/certificates/templates/ HTTP/1.1" 200 7524
[02/May/2026 19:53:29] "GET /api/v1/certificates/templates/ HTTP/1.1" 200 7524
[02/May/2026 19:53:30] "GET /api/v1/requests/mine/ HTTP/1.1" 200 2
[02/May/2026 19:53:30] "GET /api/v1/requests/mine/ HTTP/1.1" 200 2
[02/May/2026 19:53:30] "GET /api/v1/certificates/templates/ HTTP/1.1" 200 7524
[02/May/2026 19:53:30] "GET /api/v1/certificates/templates/ HTTP/1.1" 200 7524
[02/May/2026 19:53:30] "GET /api/v1/requests/mine/ HTTP/1.1" 200 2
[02/May/2026 19:53:30] "GET /api/v1/requests/mine/ HTTP/1.1" 200 2
[02/May/2026 19:53:30] "GET /api/v1/certificates/missions/ HTTP/1.1" 200 52
[02/May/2026 19:53:30] "GET /api/v1/certificates/missions/ HTTP/1.1" 200 52
[02/May/2026 19:53:33] "GET /api/v1/certificates/templates/ HTTP/1.1" 200 7524
[02/May/2026 19:53:33] "GET /api/v1/certificates/templates/ HTTP/1.1" 200 7524
[02/May/2026 19:53:34] "GET /api/v1/certificates/missions/ HTTP/1.1" 200 52
[02/May/2026 19:53:34] "GET /api/v1/certificates/missions/ HTTP/1.1" 200 52
[02/May/2026 19:53:37] "OPTIONS /api/v1/auth/logout/ HTTP/1.1" 200 0
[02/May/2026 19:53:37] "POST /api/v1/auth/logout/ HTTP/1.1" 200 37
[02/May/2026 19:54:17] "POST /api/v1/auth/login/ HTTP/1.1" 200 897
[02/May/2026 19:54:17] "OPTIONS /api/v1/requests/stats/ HTTP/1.1" 200 0
[02/May/2026 19:54:17] "OPTIONS /api/v1/requests/all/?status=PENDING HTTP/1.1" 200 0
[02/May/2026 19:54:17] "GET /api/v1/notifications/unread-count/ HTTP/1.1" 200 18
[02/May/2026 19:54:17] "OPTIONS /api/v1/requests/all/?status=APPROVED HTTP/1.1" 200 0
[02/May/2026 19:54:17] "OPTIONS /api/v1/requests/all/?status=PENDING HTTP/1.1" 200 0
[02/May/2026 19:54:17] "GET /api/v1/requests/stats/ HTTP/1.1" 200 142
[02/May/2026 19:54:17] "OPTIONS /api/v1/requests/all/?status=APPROVED HTTP/1.1" 200 0
[02/May/2026 19:54:17] "GET /api/v1/requests/all/?status=PENDING HTTP/1.1" 200 2
[02/May/2026 19:54:17] "GET /api/v1/notifications/unread-count/ HTTP/1.1" 200 18
[02/May/2026 19:54:18] "GET /api/v1/requests/all/?status=APPROVED HTTP/1.1" 200 678
[02/May/2026 19:54:18] "GET /api/v1/requests/stats/ HTTP/1.1" 200 142
[02/May/2026 19:54:18] "GET /api/v1/requests/all/?status=PENDING HTTP/1.1" 200 2
[02/May/2026 19:54:18] "GET /api/v1/requests/all/?status=APPROVED HTTP/1.1" 200 678
[02/May/2026 19:54:47] "OPTIONS /api/v1/requests/all/ HTTP/1.1" 200 0
[02/May/2026 19:54:47] "OPTIONS /api/v1/requests/all/ HTTP/1.1" 200 0
[02/May/2026 19:54:47] "GET /api/v1/requests/all/ HTTP/1.1" 200 678
[02/May/2026 19:54:47] "GET /api/v1/requests/all/ HTTP/1.1" 200 678
[02/May/2026 19:54:47] "GET /api/v1/notifications/unread-count/ HTTP/1.1" 200 18
[02/May/2026 19:54:50] "OPTIONS /api/v1/requests/all/?type=CERTIFICATE HTTP/1.1" 200 0
[02/May/2026 19:54:50] "GET /api/v1/requests/all/?type=CERTIFICATE HTTP/1.1" 200 678
[02/May/2026 19:54:51] "OPTIONS /api/v1/requests/all/?type=LEAVE HTTP/1.1" 200 0
[02/May/2026 19:54:51] "GET /api/v1/requests/all/?type=LEAVE HTTP/1.1" 200 2
[02/May/2026 19:54:52] "OPTIONS /api/v1/requests/all/?type=MISSION HTTP/1.1" 200 0
[02/May/2026 19:54:52] "GET /api/v1/requests/all/?type=MISSION HTTP/1.1" 200 2
[02/May/2026 19:54:53] "OPTIONS /api/v1/requests/all/?type=MISSION&status=PENDING HTTP/1.1" 200 0
[02/May/2026 19:54:53] "GET /api/v1/requests/all/?type=MISSION&status=PENDING HTTP/1.1" 200 2
[02/May/2026 19:54:54] "OPTIONS /api/v1/requests/all/?type=MISSION&status=APPROVED HTTP/1.1" 200 0
[02/May/2026 19:54:54] "GET /api/v1/requests/all/?type=MISSION&status=APPROVED HTTP/1.1" 200 2
[02/May/2026 19:54:54] "OPTIONS /api/v1/requests/all/?type=MISSION&status=REJECTED HTTP/1.1" 200 0
[02/May/2026 19:54:54] "GET /api/v1/requests/all/?type=MISSION&status=REJECTED HTTP/1.1" 200 2
[02/May/2026 19:54:55] "OPTIONS /api/v1/requests/all/?status=REJECTED HTTP/1.1" 200 0
[02/May/2026 19:54:55] "GET /api/v1/requests/all/?status=REJECTED HTTP/1.1" 200 2
[02/May/2026 19:54:56] "OPTIONS /api/v1/requests/all/?type=CERTIFICATE&status=REJECTED HTTP/1.1" 200 0
[02/May/2026 19:54:56] "GET /api/v1/requests/all/?type=CERTIFICATE&status=REJECTED HTTP/1.1" 200 2
[02/May/2026 19:54:56] "OPTIONS /api/v1/requests/all/?type=LEAVE&status=REJECTED HTTP/1.1" 200 0
[02/May/2026 19:54:56] "GET /api/v1/requests/all/?type=LEAVE&status=REJECTED HTTP/1.1" 200 2
[02/May/2026 19:54:56] "GET /api/v1/requests/all/?type=MISSION&status=REJECTED HTTP/1.1" 200 2
[02/May/2026 19:54:59] "GET /api/v1/requests/all/?status=APPROVED HTTP/1.1" 200 678
[02/May/2026 19:54:59] "GET /api/v1/requests/all/?status=PENDING HTTP/1.1" 200 2
[02/May/2026 19:54:59] "GET /api/v1/requests/stats/ HTTP/1.1" 200 142
[02/May/2026 19:54:59] "GET /api/v1/requests/all/?status=APPROVED HTTP/1.1" 200 678
[02/May/2026 19:54:59] "GET /api/v1/requests/all/?status=PENDING HTTP/1.1" 200 2
[02/May/2026 19:54:59] "GET /api/v1/requests/stats/ HTTP/1.1" 200 142
[02/May/2026 19:55:03] "GET /api/v1/certificates/templates/ HTTP/1.1" 200 7524
[02/May/2026 19:55:03] "GET /api/v1/certificates/templates/ HTTP/1.1" 200 7524
[02/May/2026 19:55:08] "OPTIONS /api/v1/certificates/templates/5b0fa32f-6a0f-4eea-886f-bf99cf5f0d4f/ HTTP/1.1" 200 0
[02/May/2026 19:55:08] "OPTIONS /api/v1/certificates/templates/5b0fa32f-6a0f-4eea-886f-bf99cf5f0d4f/ HTTP/1.1" 200 0
[02/May/2026 19:55:08] "GET /api/v1/certificates/templates/5b0fa32f-6a0f-4eea-886f-bf99cf5f0d4f/ HTTP/1.1" 200 1842
[02/May/2026 19:55:08] "GET /api/v1/certificates/templates/5b0fa32f-6a0f-4eea-886f-bf99cf5f0d4f/ HTTP/1.1" 200 1842
[02/May/2026 19:55:17] "GET /api/v1/notifications/unread-count/ HTTP/1.1" 200 18
[02/May/2026 19:55:47] "GET /api/v1/notifications/unread-count/ HTTP/1.1" 200 18
[02/May/2026 19:56:13] "GET /api/v1/certificates/templates/ HTTP/1.1" 200 7524
[02/May/2026 19:56:13] "GET /api/v1/certificates/templates/ HTTP/1.1" 200 7524
[02/May/2026 19:56:17] "GET /api/v1/notifications/unread-count/ HTTP/1.1" 200 18
[02/May/2026 19:56:23] "OPTIONS /api/v1/certificates/templates/c213e529-03cd-4570-a77f-2d77c778f3be/ HTTP/1.1" 200 0
[02/May/2026 19:56:23] "OPTIONS /api/v1/certificates/templates/c213e529-03cd-4570-a77f-2d77c778f3be/ HTTP/1.1" 200 0
[02/May/2026 19:56:23] "GET /api/v1/certificates/templates/c213e529-03cd-4570-a77f-2d77c778f3be/ HTTP/1.1" 200 1821
[02/May/2026 19:56:23] "GET /api/v1/certificates/templates/c213e529-03cd-4570-a77f-2d77c778f3be/ HTTP/1.1" 200 1821
[02/May/2026 19:56:35] "GET /api/v1/certificates/templates/ HTTP/1.1" 200 7524
[02/May/2026 19:56:35] "GET /api/v1/certificates/templates/ HTTP/1.1" 200 7524
[02/May/2026 19:56:47] "GET /api/v1/notifications/unread-count/ HTTP/1.1" 200 18
[02/May/2026 19:57:03] "OPTIONS /api/v1/employees/ HTTP/1.1" 200 0
[02/May/2026 19:57:03] "OPTIONS /api/v1/employees/ HTTP/1.1" 200 0
[02/May/2026 19:57:03] "OPTIONS /api/v1/employees/departments/ HTTP/1.1" 200 0
[02/May/2026 19:57:03] "OPTIONS /api/v1/employees/departments/ HTTP/1.1" 200 0
[02/May/2026 19:57:03] "GET /api/v1/employees/departments/ HTTP/1.1" 200 1074
[02/May/2026 19:57:03] "GET /api/v1/employees/departments/ HTTP/1.1" 200 1074
Internal Server Error: /api/v1/employees/
Traceback (most recent call last):
  File "c:\Users\nawfa\Desktop\PROJECT\hrms-backend\venv\Lib\site-packages\django\core\handlers\exception.py", line 55, in inner
    response = get_response(request)
  File "c:\Users\nawfa\Desktop\PROJECT\hrms-backend\venv\Lib\site-packages\django\core\handlers\base.py", line 198, in _get_response
    response = wrapped_callback(request, *callback_args, **callback_kwargs)
  File "c:\Users\nawfa\Desktop\PROJECT\hrms-backend\venv\Lib\site-packages\django\views\decorators\csrf.py", line 65, in _view_wrapper
    return view_func(request, *args, **kwargs)
  File "c:\Users\nawfa\Desktop\PROJECT\hrms-backend\venv\Lib\site-packages\django\views\generic\base.py", line 106, in view
    return self.dispatch(request, *args, **kwargs)
           ~~~~~~~~~~~~~^^^^^^^^^^^^^^^^^^^^^^^^^^
  File "c:\Users\nawfa\Desktop\PROJECT\hrms-backend\venv\Lib\site-packages\rest_framework\views.py", line 515, in dispatch
    response = self.handle_exception(exc)
  File "c:\Users\nawfa\Desktop\PROJECT\hrms-backend\venv\Lib\site-packages\rest_framework\views.py", line 475, in handle_exception
    self.raise_uncaught_exception(exc)
    ~~~~~~~~~~~~~~~~~~~~~~~~~~~~~^^^^^
  File "c:\Users\nawfa\Desktop\PROJECT\hrms-backend\venv\Lib\site-packages\rest_framework\views.py", line 486, in raise_uncaught_exception
    raise exc
  File "c:\Users\nawfa\Desktop\PROJECT\hrms-backend\venv\Lib\site-packages\rest_framework\views.py", line 512, in dispatch
    response = handler(request, *args, **kwargs)
  File "c:\Users\nawfa\Desktop\PROJECT\hrms-backend\venv\Lib\site-packages\rest_framework\generics.py", line 243, in get
    return self.list(request, *args, **kwargs)
           ~~~~~~~~~^^^^^^^^^^^^^^^^^^^^^^^^^^
  File "c:\Users\nawfa\Desktop\PROJECT\hrms-backend\venv\Lib\site-packages\rest_framework\mixins.py", line 43, in list
    return self.get_paginated_response(serializer.data)
                                       ^^^^^^^^^^^^^^^
  File "c:\Users\nawfa\Desktop\PROJECT\hrms-backend\venv\Lib\site-packages\rest_framework\serializers.py", line 809, in data
    ret = super().data
          ^^^^^^^^^^^^
  File "c:\Users\nawfa\Desktop\PROJECT\hrms-backend\venv\Lib\site-packages\rest_framework\serializers.py", line 251, in data
    self._data = self.to_representation(self.instance)
                 ~~~~~~~~~~~~~~~~~~~~~~^^^^^^^^^^^^^^^
  File "c:\Users\nawfa\Desktop\PROJECT\hrms-backend\venv\Lib\site-packages\rest_framework\serializers.py", line 728, in to_representation
    self.child.to_representation(item) for item in iterable
    ~~~~~~~~~~~~~~~~~~~~~~~~~~~~^^^^^^
  File "c:\Users\nawfa\Desktop\PROJECT\hrms-backend\venv\Lib\site-packages\rest_framework\serializers.py", line 537, in to_representation
    for field in fields:
                 ^^^^^^
  File "c:\Users\nawfa\Desktop\PROJECT\hrms-backend\venv\Lib\site-packages\rest_framework\serializers.py", line 398, in _readable_fields
    for field in self.fields.values():
                 ^^^^^^^^^^^
  File "c:\Users\nawfa\Desktop\PROJECT\hrms-backend\venv\Lib\site-packages\django\utils\functional.py", line 47, in __get__
    res = instance.__dict__[self.name] = self.func(instance)
                                         ~~~~~~~~~^^^^^^^^^^
  File "c:\Users\nawfa\Desktop\PROJECT\hrms-backend\venv\Lib\site-packages\rest_framework\serializers.py", line 387, in fields
    fields[key] = value
    ~~~~~~^^^^^
  File "c:\Users\nawfa\Desktop\PROJECT\hrms-backend\venv\Lib\site-packages\rest_framework\utils\serializer_helpers.py", line 165, in __setitem__
    field.bind(field_name=key, parent=self.serializer)
    ~~~~~~~~~~^^^^^^^^^^^^^^^^^^^^^^^^^^^^^^^^^^^^^^^^
  File "c:\Users\nawfa\Desktop\PROJECT\hrms-backend\venv\Lib\site-packages\rest_framework\fields.py", line 358, in bind
    assert self.source != field_name, (
           ^^^^^^^^^^^^^^^^^^^^^^^^^
AssertionError: It is redundant to specify `source='full_name'` on field 'CharField' in serializer 'EmployeeListSerializer', because it is the same as the field name. Remove the `source` keyword argument.
[02/May/2026 19:57:03] "GET /api/v1/employees/ HTTP/1.1" 500 23207
Internal Server Error: /api/v1/employees/
Traceback (most recent call last):
  File "c:\Users\nawfa\Desktop\PROJECT\hrms-backend\venv\Lib\site-packages\django\core\handlers\exception.py", line 55, in inner
    response = get_response(request)
  File "c:\Users\nawfa\Desktop\PROJECT\hrms-backend\venv\Lib\site-packages\django\core\handlers\base.py", line 198, in _get_response
    response = wrapped_callback(request, *callback_args, **callback_kwargs)
  File "c:\Users\nawfa\Desktop\PROJECT\hrms-backend\venv\Lib\site-packages\django\views\decorators\csrf.py", line 65, in _view_wrapper
    return view_func(request, *args, **kwargs)
  File "c:\Users\nawfa\Desktop\PROJECT\hrms-backend\venv\Lib\site-packages\django\views\generic\base.py", line 106, in view
    return self.dispatch(request, *args, **kwargs)
           ~~~~~~~~~~~~~^^^^^^^^^^^^^^^^^^^^^^^^^^
  File "c:\Users\nawfa\Desktop\PROJECT\hrms-backend\venv\Lib\site-packages\rest_framework\views.py", line 515, in dispatch
    response = self.handle_exception(exc)
  File "c:\Users\nawfa\Desktop\PROJECT\hrms-backend\venv\Lib\site-packages\rest_framework\views.py", line 475, in handle_exception
    self.raise_uncaught_exception(exc)
    ~~~~~~~~~~~~~~~~~~~~~~~~~~~~~^^^^^
  File "c:\Users\nawfa\Desktop\PROJECT\hrms-backend\venv\Lib\site-packages\rest_framework\views.py", line 486, in raise_uncaught_exception
    raise exc
  File "c:\Users\nawfa\Desktop\PROJECT\hrms-backend\venv\Lib\site-packages\rest_framework\views.py", line 512, in dispatch
    response = handler(request, *args, **kwargs)
  File "c:\Users\nawfa\Desktop\PROJECT\hrms-backend\venv\Lib\site-packages\rest_framework\generics.py", line 243, in get
    return self.list(request, *args, **kwargs)
           ~~~~~~~~~^^^^^^^^^^^^^^^^^^^^^^^^^^
  File "c:\Users\nawfa\Desktop\PROJECT\hrms-backend\venv\Lib\site-packages\rest_framework\mixins.py", line 43, in list
    return self.get_paginated_response(serializer.data)
                                       ^^^^^^^^^^^^^^^
  File "c:\Users\nawfa\Desktop\PROJECT\hrms-backend\venv\Lib\site-packages\rest_framework\serializers.py", line 809, in data
    ret = super().data
          ^^^^^^^^^^^^
  File "c:\Users\nawfa\Desktop\PROJECT\hrms-backend\venv\Lib\site-packages\rest_framework\serializers.py", line 251, in data
    self._data = self.to_representation(self.instance)
                 ~~~~~~~~~~~~~~~~~~~~~~^^^^^^^^^^^^^^^
  File "c:\Users\nawfa\Desktop\PROJECT\hrms-backend\venv\Lib\site-packages\rest_framework\serializers.py", line 728, in to_representation
    self.child.to_representation(item) for item in iterable
    ~~~~~~~~~~~~~~~~~~~~~~~~~~~~^^^^^^
  File "c:\Users\nawfa\Desktop\PROJECT\hrms-backend\venv\Lib\site-packages\rest_framework\serializers.py", line 537, in to_representation
    for field in fields:
                 ^^^^^^
  File "c:\Users\nawfa\Desktop\PROJECT\hrms-backend\venv\Lib\site-packages\rest_framework\serializers.py", line 398, in _readable_fields
    for field in self.fields.values():
                 ^^^^^^^^^^^
  File "c:\Users\nawfa\Desktop\PROJECT\hrms-backend\venv\Lib\site-packages\django\utils\functional.py", line 47, in __get__
    res = instance.__dict__[self.name] = self.func(instance)
                                         ~~~~~~~~~^^^^^^^^^^
  File "c:\Users\nawfa\Desktop\PROJECT\hrms-backend\venv\Lib\site-packages\rest_framework\serializers.py", line 387, in fields
    fields[key] = value
    ~~~~~~^^^^^
  File "c:\Users\nawfa\Desktop\PROJECT\hrms-backend\venv\Lib\site-packages\rest_framework\utils\serializer_helpers.py", line 165, in __setitem__
    field.bind(field_name=key, parent=self.serializer)
    ~~~~~~~~~~^^^^^^^^^^^^^^^^^^^^^^^^^^^^^^^^^^^^^^^^
  File "c:\Users\nawfa\Desktop\PROJECT\hrms-backend\venv\Lib\site-packages\rest_framework\fields.py", line 358, in bind
    assert self.source != field_name, (
           ^^^^^^^^^^^^^^^^^^^^^^^^^
AssertionError: It is redundant to specify `source='full_name'` on field 'CharField' in serializer 'EmployeeListSerializer', because it is the same as the field name. Remove the `source` keyword argument.
[02/May/2026 19:57:03] "GET /api/v1/employees/ HTTP/1.1" 500 23207
[02/May/2026 19:57:17] "GET /api/v1/notifications/unread-count/ HTTP/1.1" 200 18
[02/May/2026 19:57:26] "GET /api/v1/employees/departments/ HTTP/1.1" 200 1074
[02/May/2026 19:57:26] "GET /api/v1/employees/departments/ HTTP/1.1" 200 1074
[02/May/2026 19:57:45] "OPTIONS /api/v1/audit/logs/ HTTP/1.1" 200 0
[02/May/2026 19:57:45] "OPTIONS /api/v1/audit/logs/ HTTP/1.1" 200 0
[02/May/2026 19:57:45] "GET /api/v1/audit/logs/ HTTP/1.1" 200 52
[02/May/2026 19:57:45] "GET /api/v1/audit/logs/ HTTP/1.1" 200 52
[02/May/2026 19:57:47] "GET /api/v1/notifications/unread-count/ HTTP/1.1" 200 18
[02/May/2026 19:58:17] "GET /api/v1/notifications/unread-count/ HTTP/1.1" 200 18
[02/May/2026 19:58:35] "GET /api/v1/notifications/ HTTP/1.1" 200 2733
[02/May/2026 19:58:35] "GET /api/v1/notifications/ HTTP/1.1" 200 2733
[02/May/2026 19:58:45] "OPTIONS /api/v1/notifications/ee2f35c4-c1a2-4845-b63f-fd11802cac7f/read/ HTTP/1.1" 200 0
[02/May/2026 19:58:45] "POST /api/v1/notifications/ee2f35c4-c1a2-4845-b63f-fd11802cac7f/read/ HTTP/1.1" 200 435
[02/May/2026 19:58:45] "GET /api/v1/requests/mine/ HTTP/1.1" 200 2
[02/May/2026 19:58:45] "GET /api/v1/requests/mine/ HTTP/1.1" 200 2
[02/May/2026 19:58:47] "GET /api/v1/notifications/ HTTP/1.1" 200 2762
[02/May/2026 19:58:47] "GET /api/v1/notifications/ HTTP/1.1" 200 2762
[02/May/2026 19:58:47] "GET /api/v1/notifications/unread-count/ HTTP/1.1" 200 18
[02/May/2026 19:58:50] "GET /api/v1/requests/stats/ HTTP/1.1" 200 142
[02/May/2026 19:58:50] "GET /api/v1/requests/all/?status=APPROVED HTTP/1.1" 200 678
[02/May/2026 19:58:50] "GET /api/v1/requests/all/?status=PENDING HTTP/1.1" 200 2
[02/May/2026 19:58:50] "GET /api/v1/requests/stats/ HTTP/1.1" 200 142
[02/May/2026 19:58:50] "GET /api/v1/requests/all/?status=PENDING HTTP/1.1" 200 2
[02/May/2026 19:58:50] "GET /api/v1/requests/all/?status=APPROVED HTTP/1.1" 200 678
[02/May/2026 19:59:02] "GET /api/v1/certificates/templates/ HTTP/1.1" 200 7524
[02/May/2026 19:59:02] "GET /api/v1/certificates/templates/ HTTP/1.1" 200 7524
[02/May/2026 19:59:03] "GET /api/v1/requests/mine/ HTTP/1.1" 200 2
[02/May/2026 19:59:03] "GET /api/v1/requests/mine/ HTTP/1.1" 200 2
[02/May/2026 19:59:04] "GET /api/v1/requests/all/ HTTP/1.1" 200 678
[02/May/2026 19:59:04] "GET /api/v1/requests/all/ HTTP/1.1" 200 678
[02/May/2026 19:59:18] "GET /api/v1/notifications/unread-count/ HTTP/1.1" 200 18
[02/May/2026 19:59:48] "GET /api/v1/notifications/unread-count/ HTTP/1.1" 200 18
[02/May/2026 20:00:36] "GET /api/v1/notifications/unread-count/ HTTP/1.1" 200 18
[02/May/2026 20:01:09] "GET /api/v1/notifications/unread-count/ HTTP/1.1" 200 18
[02/May/2026 20:01:12] "GET /api/v1/leaves/requests/ HTTP/1.1" 200 52
[02/May/2026 20:01:12] "GET /api/v1/leaves/balances/ HTTP/1.1" 200 52
[02/May/2026 20:01:12] "GET /api/v1/leaves/requests/ HTTP/1.1" 200 52
[02/May/2026 20:01:12] "GET /api/v1/leaves/balances/ HTTP/1.1" 200 52
[02/May/2026 20:01:17] "GET /api/v1/certificates/missions/ HTTP/1.1" 200 52
[02/May/2026 20:01:17] "GET /api/v1/certificates/missions/ HTTP/1.1" 200 52
[02/May/2026 20:01:17] "GET /api/v1/notifications/unread-count/ HTTP/1.1" 200 18
[02/May/2026 20:01:18] "GET /api/v1/leaves/requests/ HTTP/1.1" 200 52
[02/May/2026 20:01:18] "GET /api/v1/leaves/balances/ HTTP/1.1" 200 52
[02/May/2026 20:01:18] "GET /api/v1/leaves/requests/ HTTP/1.1" 200 52
[02/May/2026 20:01:18] "GET /api/v1/leaves/balances/ HTTP/1.1" 200 52
[02/May/2026 20:01:20] "GET /api/v1/certificates/missions/ HTTP/1.1" 200 52
[02/May/2026 20:01:20] "GET /api/v1/certificates/missions/ HTTP/1.1" 200 52
[02/May/2026 20:01:26] "GET /api/v1/requests/mine/ HTTP/1.1" 200 2
[02/May/2026 20:01:26] "GET /api/v1/requests/mine/ HTTP/1.1" 200 2
[02/May/2026 20:01:47] "GET /api/v1/notifications/unread-count/ HTTP/1.1" 200 18
[02/May/2026 20:01:58] "GET /api/v1/requests/all/ HTTP/1.1" 200 678
[02/May/2026 20:01:58] "GET /api/v1/requests/all/ HTTP/1.1" 200 678
[02/May/2026 20:02:04] "GET /api/v1/requests/all/?type=CERTIFICATE HTTP/1.1" 200 678
[02/May/2026 20:02:06] "GET /api/v1/requests/all/?type=LEAVE HTTP/1.1" 200 2
[02/May/2026 20:02:08] "GET /api/v1/requests/all/ HTTP/1.1" 200 678
[02/May/2026 20:02:18] "GET /api/v1/notifications/unread-count/ HTTP/1.1" 200 18
[02/May/2026 20:02:48] "GET /api/v1/notifications/unread-count/ HTTP/1.1" 200 18
[02/May/2026 20:03:06] "GET /api/v1/certificates/templates/ HTTP/1.1" 200 7524
[02/May/2026 20:03:06] "GET /api/v1/certificates/templates/ HTTP/1.1" 200 7524
[02/May/2026 20:03:17] "GET /api/v1/notifications/unread-count/ HTTP/1.1" 200 18
[02/May/2026 20:03:47] "GET /api/v1/notifications/unread-count/ HTTP/1.1" 200 18
[02/May/2026 20:04:17] "GET /api/v1/notifications/unread-count/ HTTP/1.1" 200 18
[02/May/2026 20:04:48] "GET /api/v1/notifications/unread-count/ HTTP/1.1" 200 18
[02/May/2026 20:05:18] "GET /api/v1/notifications/unread-count/ HTTP/1.1" 200 18
[02/May/2026 20:05:21] "GET /api/v1/auth/profile/ HTTP/1.1" 200 307
[02/May/2026 20:05:21] "GET /api/v1/auth/profile/ HTTP/1.1" 200 307
[02/May/2026 20:05:21] "GET /api/v1/notifications/unread-count/ HTTP/1.1" 200 18
[02/May/2026 20:05:21] "GET /api/v1/certificates/templates/ HTTP/1.1" 200 7524
[02/May/2026 20:05:21] "GET /api/v1/notifications/unread-count/ HTTP/1.1" 200 18
[02/May/2026 20:05:21] "GET /api/v1/certificates/templates/ HTTP/1.1" 200 7524
[02/May/2026 20:05:37] "GET /api/v1/auth/profile/ HTTP/1.1" 200 307
[02/May/2026 20:05:37] "GET /api/v1/auth/profile/ HTTP/1.1" 200 307
[02/May/2026 20:05:37] "GET /api/v1/notifications/unread-count/ HTTP/1.1" 200 18
[02/May/2026 20:05:37] "GET /api/v1/certificates/templates/ HTTP/1.1" 200 7524
[02/May/2026 20:05:37] "GET /api/v1/notifications/unread-count/ HTTP/1.1" 200 18
[02/May/2026 20:05:37] "GET /api/v1/certificates/templates/ HTTP/1.1" 200 7524
[02/May/2026 20:05:37] "GET /api/v1/auth/profile/ HTTP/1.1" 200 307
[02/May/2026 20:05:37] "GET /api/v1/auth/profile/ HTTP/1.1" 200 307
[02/May/2026 20:05:37] "GET /api/v1/notifications/unread-count/ HTTP/1.1" 200 18
[02/May/2026 20:05:37] "GET /api/v1/certificates/templates/ HTTP/1.1" 200 7524
[02/May/2026 20:05:37] "GET /api/v1/notifications/unread-count/ HTTP/1.1" 200 18
[02/May/2026 20:05:37] "GET /api/v1/certificates/templates/ HTTP/1.1" 200 7524
[02/May/2026 20:05:38] "GET /api/v1/auth/profile/ HTTP/1.1" 200 307
[02/May/2026 20:05:38] "GET /api/v1/auth/profile/ HTTP/1.1" 200 307
[02/May/2026 20:05:38] "GET /api/v1/notifications/unread-count/ HTTP/1.1" 200 18
[02/May/2026 20:05:38] "GET /api/v1/certificates/templates/ HTTP/1.1" 200 7524
[02/May/2026 20:05:38] "GET /api/v1/notifications/unread-count/ HTTP/1.1" 200 18
[02/May/2026 20:05:38] "GET /api/v1/certificates/templates/ HTTP/1.1" 200 7524
[02/May/2026 20:05:39] "GET /api/v1/requests/all/ HTTP/1.1" 200 678
[02/May/2026 20:05:39] "GET /api/v1/requests/all/ HTTP/1.1" 200 678
[02/May/2026 20:05:41] "GET /api/v1/auth/profile/ HTTP/1.1" 200 307
[02/May/2026 20:05:41] "GET /api/v1/auth/profile/ HTTP/1.1" 200 307
[02/May/2026 20:05:41] "GET /api/v1/notifications/unread-count/ HTTP/1.1" 200 18
[02/May/2026 20:05:41] "GET /api/v1/notifications/unread-count/ HTTP/1.1" 200 18
[02/May/2026 20:05:41] "GET /api/v1/requests/all/ HTTP/1.1" 200 678
[02/May/2026 20:05:41] "GET /api/v1/requests/all/ HTTP/1.1" 200 678
[02/May/2026 20:05:41] "GET /api/v1/auth/profile/ HTTP/1.1" 200 307
[02/May/2026 20:05:41] "GET /api/v1/auth/profile/ HTTP/1.1" 200 307
[02/May/2026 20:05:41] "GET /api/v1/notifications/unread-count/ HTTP/1.1" 200 18
[02/May/2026 20:05:41] "GET /api/v1/notifications/unread-count/ HTTP/1.1" 200 18
[02/May/2026 20:05:41] "GET /api/v1/requests/all/ HTTP/1.1" 200 678
[02/May/2026 20:05:41] "GET /api/v1/requests/all/ HTTP/1.1" 200 678
[02/May/2026 20:05:42] "GET /api/v1/auth/profile/ HTTP/1.1" 200 307
[02/May/2026 20:05:42] "GET /api/v1/auth/profile/ HTTP/1.1" 200 307
[02/May/2026 20:05:42] "GET /api/v1/notifications/unread-count/ HTTP/1.1" 200 18
[02/May/2026 20:05:42] "GET /api/v1/requests/all/ HTTP/1.1" 200 678
[02/May/2026 20:05:42] "GET /api/v1/notifications/unread-count/ HTTP/1.1" 200 18
[02/May/2026 20:05:42] "GET /api/v1/requests/all/ HTTP/1.1" 200 678
[02/May/2026 20:05:42] "GET /api/v1/auth/profile/ HTTP/1.1" 200 307
[02/May/2026 20:05:42] "GET /api/v1/auth/profile/ HTTP/1.1" 200 307
[02/May/2026 20:05:42] "GET /api/v1/notifications/unread-count/ HTTP/1.1" 200 18
[02/May/2026 20:05:42] "GET /api/v1/notifications/unread-count/ HTTP/1.1" 200 18
[02/May/2026 20:05:42] "GET /api/v1/requests/all/ HTTP/1.1" 200 678
[02/May/2026 20:05:42] "GET /api/v1/requests/all/ HTTP/1.1" 200 678
[02/May/2026 20:05:43] "GET /api/v1/requests/mine/ HTTP/1.1" 200 2
[02/May/2026 20:05:43] "GET /api/v1/requests/mine/ HTTP/1.1" 200 2
[02/May/2026 20:05:44] "GET /api/v1/certificates/templates/ HTTP/1.1" 200 7524
[02/May/2026 20:05:44] "GET /api/v1/certificates/templates/ HTTP/1.1" 200 7524
[02/May/2026 20:05:45] "GET /api/v1/requests/mine/ HTTP/1.1" 200 2
[02/May/2026 20:05:45] "GET /api/v1/requests/mine/ HTTP/1.1" 200 2
[02/May/2026 20:05:46] "GET /api/v1/certificates/templates/ HTTP/1.1" 200 7524
[02/May/2026 20:05:46] "GET /api/v1/certificates/templates/ HTTP/1.1" 200 7524
[02/May/2026 20:06:12] "GET /api/v1/notifications/unread-count/ HTTP/1.1" 200 18
[02/May/2026 20:06:43] "GET /api/v1/notifications/unread-count/ HTTP/1.1" 200 18
[02/May/2026 20:07:13] "GET /api/v1/notifications/unread-count/ HTTP/1.1" 200 18
[02/May/2026 20:07:43] "GET /api/v1/notifications/unread-count/ HTTP/1.1" 200 18
[02/May/2026 20:08:13] "GET /api/v1/notifications/unread-count/ HTTP/1.1" 200 18
[02/May/2026 20:08:43] "GET /api/v1/notifications/unread-count/ HTTP/1.1" 200 18
[02/May/2026 20:09:13] "GET /api/v1/notifications/unread-count/ HTTP/1.1" 200 18
[02/May/2026 20:09:25] "GET /api/v1/auth/profile/ HTTP/1.1" 200 307
[02/May/2026 20:09:25] "GET /api/v1/auth/profile/ HTTP/1.1" 200 307
[02/May/2026 20:09:25] "GET /api/v1/notifications/unread-count/ HTTP/1.1" 200 18
[02/May/2026 20:09:25] "GET /api/v1/certificates/templates/ HTTP/1.1" 200 7524
[02/May/2026 20:09:25] "GET /api/v1/notifications/unread-count/ HTTP/1.1" 200 18
[02/May/2026 20:09:25] "GET /api/v1/certificates/templates/ HTTP/1.1" 200 7524
[02/May/2026 20:09:31] "POST /api/v1/auth/logout/ HTTP/1.1" 200 37
[02/May/2026 20:10:27] "POST /api/v1/auth/login/ HTTP/1.1" 200 897
[02/May/2026 20:10:27] "GET /api/v1/notifications/unread-count/ HTTP/1.1" 200 18
[02/May/2026 20:10:27] "GET /api/v1/requests/stats/ HTTP/1.1" 200 142
[02/May/2026 20:10:27] "GET /api/v1/requests/all/?status=PENDING HTTP/1.1" 200 2
[02/May/2026 20:10:27] "GET /api/v1/notifications/unread-count/ HTTP/1.1" 200 18
[02/May/2026 20:10:27] "GET /api/v1/requests/all/?status=APPROVED HTTP/1.1" 200 678
[02/May/2026 20:10:27] "GET /api/v1/requests/stats/ HTTP/1.1" 200 142
[02/May/2026 20:10:27] "GET /api/v1/requests/all/?status=PENDING HTTP/1.1" 200 2
[02/May/2026 20:10:27] "GET /api/v1/requests/all/?status=APPROVED HTTP/1.1" 200 678
[02/May/2026 20:10:36] "GET /api/v1/certificates/templates/ HTTP/1.1" 200 7524
[02/May/2026 20:10:36] "GET /api/v1/certificates/templates/ HTTP/1.1" 200 7524
[02/May/2026 20:10:36] "GET /api/v1/requests/mine/ HTTP/1.1" 200 2
[02/May/2026 20:10:36] "GET /api/v1/requests/mine/ HTTP/1.1" 200 2
[02/May/2026 20:10:55] "GET /api/v1/auth/profile/ HTTP/1.1" 200 307
[02/May/2026 20:10:55] "GET /api/v1/auth/profile/ HTTP/1.1" 200 307
[02/May/2026 20:10:55] "GET /api/v1/notifications/unread-count/ HTTP/1.1" 200 18
[02/May/2026 20:10:55] "GET /api/v1/requests/mine/ HTTP/1.1" 200 2
[02/May/2026 20:10:55] "GET /api/v1/notifications/unread-count/ HTTP/1.1" 200 18
[02/May/2026 20:10:55] "GET /api/v1/requests/mine/ HTTP/1.1" 200 2
[02/May/2026 20:11:20] "GET /api/v1/requests/all/ HTTP/1.1" 200 678
[02/May/2026 20:11:20] "GET /api/v1/requests/all/ HTTP/1.1" 200 678
[02/May/2026 20:11:23] "GET /api/v1/certificates/templates/ HTTP/1.1" 200 7524
[02/May/2026 20:11:23] "GET /api/v1/certificates/templates/ HTTP/1.1" 200 7524
[02/May/2026 20:11:24] "GET /api/v1/requests/all/ HTTP/1.1" 200 678
[02/May/2026 20:11:24] "GET /api/v1/requests/all/ HTTP/1.1" 200 678
[02/May/2026 20:11:25] "GET /api/v1/requests/stats/ HTTP/1.1" 200 142
[02/May/2026 20:11:25] "GET /api/v1/requests/all/?status=PENDING HTTP/1.1" 200 2
[02/May/2026 20:11:25] "GET /api/v1/requests/all/?status=APPROVED HTTP/1.1" 200 678
[02/May/2026 20:11:25] "GET /api/v1/requests/stats/ HTTP/1.1" 200 142
[02/May/2026 20:11:25] "GET /api/v1/requests/all/?status=APPROVED HTTP/1.1" 200 678
[02/May/2026 20:11:25] "GET /api/v1/requests/all/?status=PENDING HTTP/1.1" 200 2
[02/May/2026 20:11:25] "GET /api/v1/notifications/unread-count/ HTTP/1.1" 200 18
[02/May/2026 20:11:35] "GET /api/v1/requests/all/ HTTP/1.1" 200 678
[02/May/2026 20:11:35] "GET /api/v1/requests/all/ HTTP/1.1" 200 678
[02/May/2026 20:11:36] "GET /api/v1/certificates/templates/ HTTP/1.1" 200 7524
[02/May/2026 20:11:36] "GET /api/v1/certificates/templates/ HTTP/1.1" 200 7524
[02/May/2026 20:11:37] "GET /api/v1/employees/departments/ HTTP/1.1" 200 1074
[02/May/2026 20:11:37] "GET /api/v1/employees/departments/ HTTP/1.1" 200 1074
[02/May/2026 20:11:38] "GET /api/v1/audit/logs/ HTTP/1.1" 200 52
[02/May/2026 20:11:38] "GET /api/v1/audit/logs/ HTTP/1.1" 200 52
[02/May/2026 20:11:43] "GET /api/v1/employees/departments/ HTTP/1.1" 200 1074
[02/May/2026 20:11:43] "GET /api/v1/employees/departments/ HTTP/1.1" 200 1074
[02/May/2026 20:11:55] "GET /api/v1/notifications/unread-count/ HTTP/1.1" 200 18
[02/May/2026 20:12:02] "GET /api/v1/employees/departments/ HTTP/1.1" 200 1074
[02/May/2026 20:12:02] "GET /api/v1/employees/departments/ HTTP/1.1" 200 1074
Internal Server Error: /api/v1/employees/
Traceback (most recent call last):
  File "c:\Users\nawfa\Desktop\PROJECT\hrms-backend\venv\Lib\site-packages\django\core\handlers\exception.py", line 55, in inner
    response = get_response(request)
  File "c:\Users\nawfa\Desktop\PROJECT\hrms-backend\venv\Lib\site-packages\django\core\handlers\base.py", line 198, in _get_response
    response = wrapped_callback(request, *callback_args, **callback_kwargs)
  File "c:\Users\nawfa\Desktop\PROJECT\hrms-backend\venv\Lib\site-packages\django\views\decorators\csrf.py", line 65, in _view_wrapper
    return view_func(request, *args, **kwargs)
  File "c:\Users\nawfa\Desktop\PROJECT\hrms-backend\venv\Lib\site-packages\django\views\generic\base.py", line 106, in view
    return self.dispatch(request, *args, **kwargs)
           ~~~~~~~~~~~~~^^^^^^^^^^^^^^^^^^^^^^^^^^
  File "c:\Users\nawfa\Desktop\PROJECT\hrms-backend\venv\Lib\site-packages\rest_framework\views.py", line 515, in dispatch
    response = self.handle_exception(exc)
  File "c:\Users\nawfa\Desktop\PROJECT\hrms-backend\venv\Lib\site-packages\rest_framework\views.py", line 475, in handle_exception
    self.raise_uncaught_exception(exc)
    ~~~~~~~~~~~~~~~~~~~~~~~~~~~~~^^^^^
  File "c:\Users\nawfa\Desktop\PROJECT\hrms-backend\venv\Lib\site-packages\rest_framework\views.py", line 486, in raise_uncaught_exception
    raise exc
  File "c:\Users\nawfa\Desktop\PROJECT\hrms-backend\venv\Lib\site-packages\rest_framework\views.py", line 512, in dispatch
    response = handler(request, *args, **kwargs)
  File "c:\Users\nawfa\Desktop\PROJECT\hrms-backend\venv\Lib\site-packages\rest_framework\generics.py", line 243, in get
    return self.list(request, *args, **kwargs)
           ~~~~~~~~~^^^^^^^^^^^^^^^^^^^^^^^^^^
  File "c:\Users\nawfa\Desktop\PROJECT\hrms-backend\venv\Lib\site-packages\rest_framework\mixins.py", line 43, in list
    return self.get_paginated_response(serializer.data)
                                       ^^^^^^^^^^^^^^^
  File "c:\Users\nawfa\Desktop\PROJECT\hrms-backend\venv\Lib\site-packages\rest_framework\serializers.py", line 809, in data
    ret = super().data
          ^^^^^^^^^^^^
  File "c:\Users\nawfa\Desktop\PROJECT\hrms-backend\venv\Lib\site-packages\rest_framework\serializers.py", line 251, in data
    self._data = self.to_representation(self.instance)
                 ~~~~~~~~~~~~~~~~~~~~~~^^^^^^^^^^^^^^^
  File "c:\Users\nawfa\Desktop\PROJECT\hrms-backend\venv\Lib\site-packages\rest_framework\serializers.py", line 728, in to_representation
    self.child.to_representation(item) for item in iterable
    ~~~~~~~~~~~~~~~~~~~~~~~~~~~~^^^^^^
  File "c:\Users\nawfa\Desktop\PROJECT\hrms-backend\venv\Lib\site-packages\rest_framework\serializers.py", line 537, in to_representation
    for field in fields:
                 ^^^^^^
  File "c:\Users\nawfa\Desktop\PROJECT\hrms-backend\venv\Lib\site-packages\rest_framework\serializers.py", line 398, in _readable_fields
    for field in self.fields.values():
                 ^^^^^^^^^^^
  File "c:\Users\nawfa\Desktop\PROJECT\hrms-backend\venv\Lib\site-packages\django\utils\functional.py", line 47, in __get__
    res = instance.__dict__[self.name] = self.func(instance)
                                         ~~~~~~~~~^^^^^^^^^^
  File "c:\Users\nawfa\Desktop\PROJECT\hrms-backend\venv\Lib\site-packages\rest_framework\serializers.py", line 387, in fields
    fields[key] = value
    ~~~~~~^^^^^
  File "c:\Users\nawfa\Desktop\PROJECT\hrms-backend\venv\Lib\site-packages\rest_framework\utils\serializer_helpers.py", line 165, in __setitem__
    field.bind(field_name=key, parent=self.serializer)
    ~~~~~~~~~~^^^^^^^^^^^^^^^^^^^^^^^^^^^^^^^^^^^^^^^^
  File "c:\Users\nawfa\Desktop\PROJECT\hrms-backend\venv\Lib\site-packages\rest_framework\fields.py", line 358, in bind
    assert self.source != field_name, (
           ^^^^^^^^^^^^^^^^^^^^^^^^^
AssertionError: It is redundant to specify `source='full_name'` on field 'CharField' in serializer 'EmployeeListSerializer', because it is the same as the field name. Remove the `source` keyword argument.
[02/May/2026 20:12:02] "GET /api/v1/employees/ HTTP/1.1" 500 23207
Internal Server Error: /api/v1/employees/
Traceback (most recent call last):
  File "c:\Users\nawfa\Desktop\PROJECT\hrms-backend\venv\Lib\site-packages\django\core\handlers\exception.py", line 55, in inner
    response = get_response(request)
  File "c:\Users\nawfa\Desktop\PROJECT\hrms-backend\venv\Lib\site-packages\django\core\handlers\base.py", line 198, in _get_response
    response = wrapped_callback(request, *callback_args, **callback_kwargs)
  File "c:\Users\nawfa\Desktop\PROJECT\hrms-backend\venv\Lib\site-packages\django\views\decorators\csrf.py", line 65, in _view_wrapper
    return view_func(request, *args, **kwargs)
  File "c:\Users\nawfa\Desktop\PROJECT\hrms-backend\venv\Lib\site-packages\django\views\generic\base.py", line 106, in view
    return self.dispatch(request, *args, **kwargs)
           ~~~~~~~~~~~~~^^^^^^^^^^^^^^^^^^^^^^^^^^
  File "c:\Users\nawfa\Desktop\PROJECT\hrms-backend\venv\Lib\site-packages\rest_framework\views.py", line 515, in dispatch
    response = self.handle_exception(exc)
  File "c:\Users\nawfa\Desktop\PROJECT\hrms-backend\venv\Lib\site-packages\rest_framework\views.py", line 475, in handle_exception
    self.raise_uncaught_exception(exc)
    ~~~~~~~~~~~~~~~~~~~~~~~~~~~~~^^^^^
  File "c:\Users\nawfa\Desktop\PROJECT\hrms-backend\venv\Lib\site-packages\rest_framework\views.py", line 486, in raise_uncaught_exception
    raise exc
  File "c:\Users\nawfa\Desktop\PROJECT\hrms-backend\venv\Lib\site-packages\rest_framework\views.py", line 512, in dispatch
    response = handler(request, *args, **kwargs)
  File "c:\Users\nawfa\Desktop\PROJECT\hrms-backend\venv\Lib\site-packages\rest_framework\generics.py", line 243, in get
    return self.list(request, *args, **kwargs)
           ~~~~~~~~~^^^^^^^^^^^^^^^^^^^^^^^^^^
  File "c:\Users\nawfa\Desktop\PROJECT\hrms-backend\venv\Lib\site-packages\rest_framework\mixins.py", line 43, in list
    return self.get_paginated_response(serializer.data)
                                       ^^^^^^^^^^^^^^^
  File "c:\Users\nawfa\Desktop\PROJECT\hrms-backend\venv\Lib\site-packages\rest_framework\serializers.py", line 809, in data
    ret = super().data
          ^^^^^^^^^^^^
  File "c:\Users\nawfa\Desktop\PROJECT\hrms-backend\venv\Lib\site-packages\rest_framework\serializers.py", line 251, in data
    self._data = self.to_representation(self.instance)
                 ~~~~~~~~~~~~~~~~~~~~~~^^^^^^^^^^^^^^^
  File "c:\Users\nawfa\Desktop\PROJECT\hrms-backend\venv\Lib\site-packages\rest_framework\serializers.py", line 728, in to_representation
    self.child.to_representation(item) for item in iterable
    ~~~~~~~~~~~~~~~~~~~~~~~~~~~~^^^^^^
  File "c:\Users\nawfa\Desktop\PROJECT\hrms-backend\venv\Lib\site-packages\rest_framework\serializers.py", line 537, in to_representation
    for field in fields:
                 ^^^^^^
  File "c:\Users\nawfa\Desktop\PROJECT\hrms-backend\venv\Lib\site-packages\rest_framework\serializers.py", line 398, in _readable_fields
    for field in self.fields.values():
                 ^^^^^^^^^^^
  File "c:\Users\nawfa\Desktop\PROJECT\hrms-backend\venv\Lib\site-packages\django\utils\functional.py", line 47, in __get__
    res = instance.__dict__[self.name] = self.func(instance)
                                         ~~~~~~~~~^^^^^^^^^^
  File "c:\Users\nawfa\Desktop\PROJECT\hrms-backend\venv\Lib\site-packages\rest_framework\serializers.py", line 387, in fields
    fields[key] = value
    ~~~~~~^^^^^
  File "c:\Users\nawfa\Desktop\PROJECT\hrms-backend\venv\Lib\site-packages\rest_framework\utils\serializer_helpers.py", line 165, in __setitem__
    field.bind(field_name=key, parent=self.serializer)
    ~~~~~~~~~~^^^^^^^^^^^^^^^^^^^^^^^^^^^^^^^^^^^^^^^^
  File "c:\Users\nawfa\Desktop\PROJECT\hrms-backend\venv\Lib\site-packages\rest_framework\fields.py", line 358, in bind
    assert self.source != field_name, (
           ^^^^^^^^^^^^^^^^^^^^^^^^^
AssertionError: It is redundant to specify `source='full_name'` on field 'CharField' in serializer 'EmployeeListSerializer', because it is the same as the field name. Remove the `source` keyword argument.
[02/May/2026 20:12:02] "GET /api/v1/employees/ HTTP/1.1" 500 23207
[02/May/2026 20:12:25] "GET /api/v1/notifications/unread-count/ HTTP/1.1" 200 18
[02/May/2026 20:12:33] "GET /api/v1/audit/logs/ HTTP/1.1" 200 52
[02/May/2026 20:12:33] "GET /api/v1/audit/logs/ HTTP/1.1" 200 52
[02/May/2026 20:12:46] "OPTIONS /api/v1/audit/logs/?action=CREATE HTTP/1.1" 200 0
[02/May/2026 20:12:46] "GET /api/v1/audit/logs/?action=CREATE HTTP/1.1" 200 52
[02/May/2026 20:12:47] "OPTIONS /api/v1/audit/logs/?action=APPROVE HTTP/1.1" 200 0
[02/May/2026 20:12:47] "GET /api/v1/audit/logs/?action=APPROVE HTTP/1.1" 200 52
[02/May/2026 20:12:48] "GET /api/v1/audit/logs/?action=CREATE HTTP/1.1" 200 52
[02/May/2026 20:12:49] "GET /api/v1/audit/logs/?action=APPROVE HTTP/1.1" 200 52
[02/May/2026 20:12:50] "OPTIONS /api/v1/audit/logs/?action=REJECT HTTP/1.1" 200 0
[02/May/2026 20:12:50] "GET /api/v1/audit/logs/?action=REJECT HTTP/1.1" 200 52
[02/May/2026 20:12:50] "OPTIONS /api/v1/audit/logs/?action=GENERATE HTTP/1.1" 200 0
[02/May/2026 20:12:50] "GET /api/v1/audit/logs/?action=GENERATE HTTP/1.1" 200 52
[02/May/2026 20:12:51] "GET /api/v1/audit/logs/?action=REJECT HTTP/1.1" 200 52
[02/May/2026 20:12:51] "GET /api/v1/audit/logs/?action=APPROVE HTTP/1.1" 200 52
[02/May/2026 20:12:52] "GET /api/v1/audit/logs/?action=CREATE HTTP/1.1" 200 52
[02/May/2026 20:12:52] "GET /api/v1/audit/logs/ HTTP/1.1" 200 52
[02/May/2026 20:12:55] "GET /api/v1/notifications/unread-count/ HTTP/1.1" 200 18
[02/May/2026 20:13:25] "GET /api/v1/notifications/unread-count/ HTTP/1.1" 200 18
[02/May/2026 20:13:29] "GET /api/v1/audit/logs/?action=CREATE HTTP/1.1" 200 52
[02/May/2026 20:13:31] "GET /api/v1/audit/logs/?action=APPROVE HTTP/1.1" 200 52
[02/May/2026 20:13:32] "GET /api/v1/audit/logs/?action=REJECT HTTP/1.1" 200 52
[02/May/2026 20:13:32] "GET /api/v1/audit/logs/?action=GENERATE HTTP/1.1" 200 52
[02/May/2026 20:13:32] "GET /api/v1/audit/logs/?action=REJECT HTTP/1.1" 200 52
[02/May/2026 20:13:33] "GET /api/v1/audit/logs/?action=APPROVE HTTP/1.1" 200 52
[02/May/2026 20:13:33] "GET /api/v1/audit/logs/?action=CREATE HTTP/1.1" 200 52
[02/May/2026 20:13:34] "GET /api/v1/audit/logs/ HTTP/1.1" 200 52
[02/May/2026 20:13:34] "GET /api/v1/audit/logs/?action=CREATE HTTP/1.1" 200 52
[02/May/2026 20:13:55] "GET /api/v1/notifications/unread-count/ HTTP/1.1" 200 18
[02/May/2026 20:13:58] "GET /api/v1/audit/logs/?action=APPROVE HTTP/1.1" 200 52
[02/May/2026 20:13:59] "GET /api/v1/audit/logs/?action=REJECT HTTP/1.1" 200 52
[02/May/2026 20:14:00] "GET /api/v1/audit/logs/?action=GENERATE HTTP/1.1" 200 52
[02/May/2026 20:14:05] "GET /api/v1/audit/logs/ HTTP/1.1" 200 52
[02/May/2026 20:14:10] "GET /api/v1/requests/stats/ HTTP/1.1" 200 142
[02/May/2026 20:14:10] "GET /api/v1/requests/all/?status=PENDING HTTP/1.1" 200 2
[02/May/2026 20:14:10] "GET /api/v1/requests/all/?status=APPROVED HTTP/1.1" 200 678
[02/May/2026 20:14:10] "GET /api/v1/requests/stats/ HTTP/1.1" 200 142
[02/May/2026 20:14:10] "GET /api/v1/requests/all/?status=PENDING HTTP/1.1" 200 2
[02/May/2026 20:14:10] "GET /api/v1/requests/all/?status=APPROVED HTTP/1.1" 200 678
[02/May/2026 20:14:25] "GET /api/v1/notifications/unread-count/ HTTP/1.1" 200 18
[02/May/2026 20:14:56] "GET /api/v1/notifications/unread-count/ HTTP/1.1" 200 18
[02/May/2026 20:15:25] "GET /api/v1/notifications/unread-count/ HTTP/1.1" 200 18
[02/May/2026 20:16:27] "GET /api/v1/notifications/unread-count/ HTTP/1.1" 200 18
[02/May/2026 20:17:25] "GET /api/v1/auth/profile/ HTTP/1.1" 200 307
[02/May/2026 20:17:25] "GET /api/v1/auth/profile/ HTTP/1.1" 200 307
[02/May/2026 20:17:25] "GET /api/v1/notifications/unread-count/ HTTP/1.1" 200 18
[02/May/2026 20:17:25] "GET /api/v1/requests/stats/ HTTP/1.1" 200 142
[02/May/2026 20:17:25] "GET /api/v1/requests/all/?status=PENDING HTTP/1.1" 200 2
[02/May/2026 20:17:25] "GET /api/v1/requests/all/?status=APPROVED HTTP/1.1" 200 678
[02/May/2026 20:17:25] "GET /api/v1/notifications/unread-count/ HTTP/1.1" 200 18
[02/May/2026 20:17:25] "GET /api/v1/requests/stats/ HTTP/1.1" 200 142
[02/May/2026 20:17:25] "GET /api/v1/requests/all/?status=PENDING HTTP/1.1" 200 2
[02/May/2026 20:17:25] "GET /api/v1/requests/all/?status=APPROVED HTTP/1.1" 200 678
[02/May/2026 20:17:44] "GET /api/v1/auth/profile/ HTTP/1.1" 200 307
[02/May/2026 20:17:44] "GET /api/v1/auth/profile/ HTTP/1.1" 200 307
[02/May/2026 20:17:44] "GET /api/v1/notifications/unread-count/ HTTP/1.1" 200 18
[02/May/2026 20:17:44] "GET /api/v1/requests/all/?status=PENDING HTTP/1.1" 200 2
[02/May/2026 20:17:44] "GET /api/v1/requests/stats/ HTTP/1.1" 200 142
[02/May/2026 20:17:44] "GET /api/v1/requests/all/?status=APPROVED HTTP/1.1" 200 678
[02/May/2026 20:17:44] "GET /api/v1/notifications/unread-count/ HTTP/1.1" 200 18
[02/May/2026 20:17:44] "GET /api/v1/requests/all/?status=PENDING HTTP/1.1" 200 2
[02/May/2026 20:17:44] "GET /api/v1/requests/stats/ HTTP/1.1" 200 142
[02/May/2026 20:17:44] "GET /api/v1/requests/all/?status=APPROVED HTTP/1.1" 200 678
[02/May/2026 20:17:51] "GET /api/v1/notifications/unread-count/ HTTP/1.1" 200 18
[02/May/2026 20:17:51] "GET /api/v1/requests/stats/ HTTP/1.1" 200 142
[02/May/2026 20:17:51] "GET /api/v1/requests/all/?status=PENDING HTTP/1.1" 200 2
[02/May/2026 20:17:51] "GET /api/v1/notifications/unread-count/ HTTP/1.1" 200 18
[02/May/2026 20:17:51] "GET /api/v1/requests/all/?status=APPROVED HTTP/1.1" 200 678
[02/May/2026 20:17:51] "GET /api/v1/requests/stats/ HTTP/1.1" 200 142
[02/May/2026 20:17:51] "GET /api/v1/requests/all/?status=PENDING HTTP/1.1" 200 2
[02/May/2026 20:17:51] "GET /api/v1/requests/all/?status=APPROVED HTTP/1.1" 200 678
[02/May/2026 20:17:54] "GET /api/v1/notifications/unread-count/ HTTP/1.1" 200 18
[02/May/2026 20:17:54] "GET /api/v1/requests/all/?status=PENDING HTTP/1.1" 200 2
[02/May/2026 20:17:54] "GET /api/v1/requests/stats/ HTTP/1.1" 200 142
[02/May/2026 20:17:54] "GET /api/v1/requests/all/?status=APPROVED HTTP/1.1" 200 678
[02/May/2026 20:17:54] "GET /api/v1/notifications/unread-count/ HTTP/1.1" 200 18
[02/May/2026 20:17:54] "GET /api/v1/requests/all/?status=PENDING HTTP/1.1" 200 2
[02/May/2026 20:17:54] "GET /api/v1/requests/stats/ HTTP/1.1" 200 142
[02/May/2026 20:17:54] "GET /api/v1/requests/all/?status=APPROVED HTTP/1.1" 200 678
[02/May/2026 20:17:57] "GET /api/v1/notifications/unread-count/ HTTP/1.1" 200 18
[02/May/2026 20:17:57] "GET /api/v1/requests/all/?status=APPROVED HTTP/1.1" 200 678
[02/May/2026 20:17:57] "GET /api/v1/requests/all/?status=PENDING HTTP/1.1" 200 2
[02/May/2026 20:17:57] "GET /api/v1/notifications/unread-count/ HTTP/1.1" 200 18
[02/May/2026 20:17:57] "GET /api/v1/requests/stats/ HTTP/1.1" 200 142
[02/May/2026 20:17:57] "GET /api/v1/requests/all/?status=APPROVED HTTP/1.1" 200 678
[02/May/2026 20:17:57] "GET /api/v1/requests/stats/ HTTP/1.1" 200 142
[02/May/2026 20:17:57] "GET /api/v1/requests/all/?status=PENDING HTTP/1.1" 200 2
[02/May/2026 20:18:00] "GET /api/v1/notifications/unread-count/ HTTP/1.1" 200 18
[02/May/2026 20:18:00] "GET /api/v1/requests/all/?status=PENDING HTTP/1.1" 200 2
[02/May/2026 20:18:00] "GET /api/v1/requests/stats/ HTTP/1.1" 200 142
[02/May/2026 20:18:00] "GET /api/v1/requests/all/?status=APPROVED HTTP/1.1" 200 678
[02/May/2026 20:18:00] "GET /api/v1/notifications/unread-count/ HTTP/1.1" 200 18
[02/May/2026 20:18:00] "GET /api/v1/requests/all/?status=PENDING HTTP/1.1" 200 2
[02/May/2026 20:18:00] "GET /api/v1/requests/stats/ HTTP/1.1" 200 142
[02/May/2026 20:18:00] "GET /api/v1/requests/all/?status=APPROVED HTTP/1.1" 200 678
[02/May/2026 20:18:25] "GET /api/v1/notifications/unread-count/ HTTP/1.1" 200 18
[02/May/2026 20:18:25] "GET /api/v1/requests/all/?status=APPROVED HTTP/1.1" 200 678
[02/May/2026 20:18:25] "GET /api/v1/requests/stats/ HTTP/1.1" 200 142
[02/May/2026 20:18:25] "GET /api/v1/requests/all/?status=PENDING HTTP/1.1" 200 2
[02/May/2026 20:18:25] "GET /api/v1/notifications/unread-count/ HTTP/1.1" 200 18
[02/May/2026 20:18:25] "GET /api/v1/requests/all/?status=PENDING HTTP/1.1" 200 2
[02/May/2026 20:18:25] "GET /api/v1/requests/stats/ HTTP/1.1" 200 142
[02/May/2026 20:18:25] "GET /api/v1/requests/all/?status=APPROVED HTTP/1.1" 200 678
[02/May/2026 20:18:31] "GET /api/v1/notifications/unread-count/ HTTP/1.1" 200 18
[02/May/2026 20:18:31] "GET /api/v1/notifications/unread-count/ HTTP/1.1" 200 18
[02/May/2026 20:18:31] "GET /api/v1/requests/all/?status=PENDING HTTP/1.1" 200 2
[02/May/2026 20:18:31] "GET /api/v1/requests/all/?status=APPROVED HTTP/1.1" 200 678
[02/May/2026 20:18:31] "GET /api/v1/requests/stats/ HTTP/1.1" 200 142
[02/May/2026 20:18:31] "GET /api/v1/requests/all/?status=PENDING HTTP/1.1" 200 2
[02/May/2026 20:18:31] "GET /api/v1/requests/all/?status=APPROVED HTTP/1.1" 200 678
[02/May/2026 20:18:31] "GET /api/v1/requests/stats/ HTTP/1.1" 200 142
[02/May/2026 20:19:01] "GET /api/v1/notifications/unread-count/ HTTP/1.1" 200 18
[02/May/2026 20:19:24] "POST /api/v1/auth/logout/ HTTP/1.1" 200 37
[02/May/2026 20:21:15] "POST /api/v1/auth/login/ HTTP/1.1" 200 922
[02/May/2026 20:21:16] "GET /api/v1/notifications/unread-count/ HTTP/1.1" 200 18
[02/May/2026 20:21:16] "GET /api/v1/requests/mine/ HTTP/1.1" 200 2
[02/May/2026 20:21:16] "GET /api/v1/notifications/unread-count/ HTTP/1.1" 200 18
[02/May/2026 20:21:16] "GET /api/v1/requests/mine/ HTTP/1.1" 200 2
[02/May/2026 20:21:24] "GET /api/v1/certificates/templates/ HTTP/1.1" 200 5803
[02/May/2026 20:21:24] "GET /api/v1/certificates/templates/ HTTP/1.1" 200 5803
[02/May/2026 20:21:31] "GET /api/v1/requests/mine/ HTTP/1.1" 200 2
[02/May/2026 20:21:31] "GET /api/v1/requests/mine/ HTTP/1.1" 200 2
[02/May/2026 20:21:37] "GET /api/v1/certificates/templates/ HTTP/1.1" 200 5803
[02/May/2026 20:21:37] "GET /api/v1/certificates/templates/ HTTP/1.1" 200 5803
[02/May/2026 20:21:46] "GET /api/v1/notifications/unread-count/ HTTP/1.1" 200 18
[02/May/2026 20:22:00] "GET /api/v1/requests/mine/ HTTP/1.1" 200 2
[02/May/2026 20:22:00] "GET /api/v1/requests/mine/ HTTP/1.1" 200 2
[02/May/2026 20:22:04] "GET /api/v1/certificates/templates/ HTTP/1.1" 200 5803
[02/May/2026 20:22:04] "GET /api/v1/certificates/templates/ HTTP/1.1" 200 5803
[02/May/2026 20:22:15] "GET /api/v1/requests/mine/ HTTP/1.1" 200 2
[02/May/2026 20:22:15] "GET /api/v1/requests/mine/ HTTP/1.1" 200 2
[02/May/2026 20:22:16] "GET /api/v1/notifications/unread-count/ HTTP/1.1" 200 18
[02/May/2026 20:22:46] "GET /api/v1/notifications/unread-count/ HTTP/1.1" 200 18
[02/May/2026 20:23:16] "GET /api/v1/notifications/unread-count/ HTTP/1.1" 200 18
[02/May/2026 20:23:46] "GET /api/v1/notifications/unread-count/ HTTP/1.1" 200 18
[02/May/2026 20:24:16] "GET /api/v1/notifications/unread-count/ HTTP/1.1" 200 18
[02/May/2026 20:24:46] "GET /api/v1/notifications/unread-count/ HTTP/1.1" 200 18
[02/May/2026 20:25:16] "GET /api/v1/notifications/unread-count/ HTTP/1.1" 200 18
[02/May/2026 20:25:46] "GET /api/v1/notifications/unread-count/ HTTP/1.1" 200 18
[02/May/2026 20:26:16] "GET /api/v1/notifications/unread-count/ HTTP/1.1" 200 18
[02/May/2026 20:26:46] "GET /api/v1/notifications/unread-count/ HTTP/1.1" 200 18
[02/May/2026 20:27:16] "GET /api/v1/notifications/unread-count/ HTTP/1.1" 200 18
[02/May/2026 20:27:46] "GET /api/v1/notifications/unread-count/ HTTP/1.1" 200 18
[02/May/2026 20:28:07] "GET /api/v1/requests/mine/ HTTP/1.1" 200 2
[02/May/2026 20:28:07] "GET /api/v1/requests/mine/ HTTP/1.1" 200 2
[02/May/2026 20:28:16] "GET /api/v1/notifications/unread-count/ HTTP/1.1" 200 18
[02/May/2026 20:28:46] "GET /api/v1/notifications/unread-count/ HTTP/1.1" 200 18
[02/May/2026 20:29:16] "GET /api/v1/notifications/unread-count/ HTTP/1.1" 200 18
[02/May/2026 20:29:46] "GET /api/v1/notifications/unread-count/ HTTP/1.1" 200 18
[02/May/2026 20:30:16] "GET /api/v1/notifications/unread-count/ HTTP/1.1" 200 18
[02/May/2026 20:30:35] "GET /api/v1/notifications/ HTTP/1.1" 200 52
[02/May/2026 20:30:35] "GET /api/v1/notifications/ HTTP/1.1" 200 52
[02/May/2026 20:30:36] "GET /api/v1/requests/mine/ HTTP/1.1" 200 2
[02/May/2026 20:30:36] "GET /api/v1/requests/mine/ HTTP/1.1" 200 2
[02/May/2026 20:30:46] "GET /api/v1/notifications/unread-count/ HTTP/1.1" 200 18
[02/May/2026 20:31:16] "GET /api/v1/notifications/unread-count/ HTTP/1.1" 200 18
[02/May/2026 20:31:47] "GET /api/v1/notifications/unread-count/ HTTP/1.1" 200 18
[02/May/2026 20:32:17] "GET /api/v1/notifications/unread-count/ HTTP/1.1" 200 18
[02/May/2026 20:32:46] "GET /api/v1/notifications/unread-count/ HTTP/1.1" 200 18
[02/May/2026 20:33:16] "GET /api/v1/notifications/unread-count/ HTTP/1.1" 200 18
[02/May/2026 20:33:46] "GET /api/v1/notifications/unread-count/ HTTP/1.1" 200 18
[02/May/2026 20:34:16] "GET /api/v1/notifications/unread-count/ HTTP/1.1" 200 18
[02/May/2026 20:34:46] "GET /api/v1/notifications/unread-count/ HTTP/1.1" 200 18
[02/May/2026 20:35:16] "GET /api/v1/notifications/unread-count/ HTTP/1.1" 200 18
[02/May/2026 20:35:46] "GET /api/v1/notifications/unread-count/ HTTP/1.1" 200 18
[02/May/2026 20:36:16] "GET /api/v1/notifications/unread-count/ HTTP/1.1" 200 18
[02/May/2026 20:36:46] "GET /api/v1/notifications/unread-count/ HTTP/1.1" 200 18
[02/May/2026 20:37:16] "GET /api/v1/notifications/unread-count/ HTTP/1.1" 200 18
[02/May/2026 20:37:46] "GET /api/v1/notifications/unread-count/ HTTP/1.1" 200 18
[02/May/2026 20:38:16] "GET /api/v1/notifications/unread-count/ HTTP/1.1" 200 18
[02/May/2026 20:38:46] "GET /api/v1/notifications/unread-count/ HTTP/1.1" 200 18
[02/May/2026 20:39:16] "GET /api/v1/notifications/unread-count/ HTTP/1.1" 200 18
[02/May/2026 20:39:46] "GET /api/v1/notifications/unread-count/ HTTP/1.1" 200 18
[02/May/2026 20:40:16] "GET /api/v1/notifications/unread-count/ HTTP/1.1" 200 18
[02/May/2026 20:40:46] "GET /api/v1/notifications/unread-count/ HTTP/1.1" 200 18
[02/May/2026 20:41:16] "GET /api/v1/notifications/unread-count/ HTTP/1.1" 200 18
[02/May/2026 20:41:46] "GET /api/v1/notifications/unread-count/ HTTP/1.1" 200 18
[02/May/2026 20:42:16] "GET /api/v1/notifications/unread-count/ HTTP/1.1" 200 18
[02/May/2026 20:42:46] "GET /api/v1/notifications/unread-count/ HTTP/1.1" 200 18
[02/May/2026 20:43:16] "GET /api/v1/notifications/unread-count/ HTTP/1.1" 200 18
[02/May/2026 20:43:46] "GET /api/v1/notifications/unread-count/ HTTP/1.1" 200 18
[02/May/2026 20:44:16] "GET /api/v1/notifications/unread-count/ HTTP/1.1" 200 18
[02/May/2026 20:44:46] "GET /api/v1/notifications/unread-count/ HTTP/1.1" 200 18
[02/May/2026 20:45:16] "GET /api/v1/notifications/unread-count/ HTTP/1.1" 200 18
[02/May/2026 20:45:46] "GET /api/v1/notifications/unread-count/ HTTP/1.1" 200 18
[02/May/2026 20:46:16] "GET /api/v1/notifications/unread-count/ HTTP/1.1" 200 18
[02/May/2026 20:46:46] "GET /api/v1/notifications/unread-count/ HTTP/1.1" 200 18
[02/May/2026 20:47:16] "GET /api/v1/notifications/unread-count/ HTTP/1.1" 200 18
[02/May/2026 20:47:47] "GET /api/v1/notifications/unread-count/ HTTP/1.1" 200 18
[02/May/2026 20:48:16] "GET /api/v1/notifications/unread-count/ HTTP/1.1" 200 18
[02/May/2026 20:48:46] "GET /api/v1/notifications/unread-count/ HTTP/1.1" 200 18
[02/May/2026 20:49:16] "GET /api/v1/notifications/unread-count/ HTTP/1.1" 200 18
[02/May/2026 20:49:46] "GET /api/v1/notifications/unread-count/ HTTP/1.1" 200 18
[02/May/2026 20:50:16] "GET /api/v1/notifications/unread-count/ HTTP/1.1" 200 18
[02/May/2026 20:50:46] "GET /api/v1/notifications/unread-count/ HTTP/1.1" 200 18
Unauthorized: /api/v1/notifications/unread-count/
[02/May/2026 20:51:16] "GET /api/v1/notifications/unread-count/ HTTP/1.1" 401 227
[02/May/2026 20:51:16] "OPTIONS /api/v1/auth/token/refresh/ HTTP/1.1" 200 0
[02/May/2026 20:51:16] "POST /api/v1/auth/token/refresh/ HTTP/1.1" 200 582
[02/May/2026 20:51:16] "GET /api/v1/notifications/unread-count/ HTTP/1.1" 200 18
[02/May/2026 20:51:46] "GET /api/v1/notifications/unread-count/ HTTP/1.1" 200 18
[02/May/2026 20:52:16] "GET /api/v1/notifications/unread-count/ HTTP/1.1" 200 18
[02/May/2026 20:52:46] "GET /api/v1/notifications/unread-count/ HTTP/1.1" 200 18
[02/May/2026 20:53:16] "GET /api/v1/notifications/unread-count/ HTTP/1.1" 200 18
[02/May/2026 20:53:46] "GET /api/v1/notifications/unread-count/ HTTP/1.1" 200 18
[02/May/2026 20:54:16] "GET /api/v1/notifications/unread-count/ HTTP/1.1" 200 18
[02/May/2026 20:54:46] "GET /api/v1/notifications/unread-count/ HTTP/1.1" 200 18
[02/May/2026 20:55:16] "GET /api/v1/notifications/unread-count/ HTTP/1.1" 200 18
[02/May/2026 20:55:46] "GET /api/v1/notifications/unread-count/ HTTP/1.1" 200 18
[02/May/2026 20:56:16] "GET /api/v1/notifications/unread-count/ HTTP/1.1" 200 18
[02/May/2026 20:56:46] "GET /api/v1/notifications/unread-count/ HTTP/1.1" 200 18
[02/May/2026 20:57:16] "GET /api/v1/notifications/unread-count/ HTTP/1.1" 200 18
[02/May/2026 20:57:46] "GET /api/v1/notifications/unread-count/ HTTP/1.1" 200 18
[02/May/2026 20:58:16] "GET /api/v1/notifications/unread-count/ HTTP/1.1" 200 18
[02/May/2026 20:58:46] "GET /api/v1/notifications/unread-count/ HTTP/1.1" 200 18
[02/May/2026 20:59:16] "GET /api/v1/notifications/unread-count/ HTTP/1.1" 200 18
[02/May/2026 20:59:46] "GET /api/v1/notifications/unread-count/ HTTP/1.1" 200 18
[02/May/2026 21:00:16] "GET /api/v1/notifications/unread-count/ HTTP/1.1" 200 18
[02/May/2026 21:00:46] "GET /api/v1/notifications/unread-count/ HTTP/1.1" 200 18
[02/May/2026 21:01:16] "GET /api/v1/notifications/unread-count/ HTTP/1.1" 200 18
[02/May/2026 21:01:46] "GET /api/v1/notifications/unread-count/ HTTP/1.1" 200 18
[02/May/2026 21:02:16] "GET /api/v1/notifications/unread-count/ HTTP/1.1" 200 18
[02/May/2026 21:02:46] "GET /api/v1/notifications/unread-count/ HTTP/1.1" 200 18
[02/May/2026 21:03:16] "GET /api/v1/notifications/unread-count/ HTTP/1.1" 200 18
[02/May/2026 21:03:46] "GET /api/v1/notifications/unread-count/ HTTP/1.1" 200 18
[02/May/2026 21:04:16] "GET /api/v1/notifications/unread-count/ HTTP/1.1" 200 18
[02/May/2026 21:04:46] "GET /api/v1/notifications/unread-count/ HTTP/1.1" 200 18
[02/May/2026 21:05:16] "GET /api/v1/notifications/unread-count/ HTTP/1.1" 200 18
[02/May/2026 21:05:46] "GET /api/v1/notifications/unread-count/ HTTP/1.1" 200 18
[02/May/2026 21:06:16] "GET /api/v1/notifications/unread-count/ HTTP/1.1" 200 18
[02/May/2026 21:06:46] "GET /api/v1/notifications/unread-count/ HTTP/1.1" 200 18
[02/May/2026 21:07:16] "GET /api/v1/notifications/unread-count/ HTTP/1.1" 200 18
[02/May/2026 21:07:46] "GET /api/v1/notifications/unread-count/ HTTP/1.1" 200 18
[02/May/2026 21:08:16] "GET /api/v1/notifications/unread-count/ HTTP/1.1" 200 18
[02/May/2026 21:08:46] "GET /api/v1/notifications/unread-count/ HTTP/1.1" 200 18
[02/May/2026 21:09:16] "GET /api/v1/notifications/unread-count/ HTTP/1.1" 200 18
[02/May/2026 21:09:46] "GET /api/v1/notifications/unread-count/ HTTP/1.1" 200 18
[02/May/2026 21:10:16] "GET /api/v1/notifications/unread-count/ HTTP/1.1" 200 18
[02/May/2026 21:10:46] "GET /api/v1/notifications/unread-count/ HTTP/1.1" 200 18
[02/May/2026 21:11:16] "GET /api/v1/notifications/unread-count/ HTTP/1.1" 200 18
[02/May/2026 21:11:46] "GET /api/v1/notifications/unread-count/ HTTP/1.1" 200 18
[02/May/2026 21:12:16] "GET /api/v1/notifications/unread-count/ HTTP/1.1" 200 18
[02/May/2026 21:12:46] "GET /api/v1/notifications/unread-count/ HTTP/1.1" 200 18
[02/May/2026 21:13:16] "GET /api/v1/notifications/unread-count/ HTTP/1.1" 200 18
[02/May/2026 21:13:46] "GET /api/v1/notifications/unread-count/ HTTP/1.1" 200 18
[02/May/2026 21:14:16] "GET /api/v1/notifications/unread-count/ HTTP/1.1" 200 18
[02/May/2026 21:14:46] "GET /api/v1/notifications/unread-count/ HTTP/1.1" 200 18
[02/May/2026 21:15:16] "GET /api/v1/notifications/unread-count/ HTTP/1.1" 200 18
[02/May/2026 21:15:46] "GET /api/v1/notifications/unread-count/ HTTP/1.1" 200 18
[02/May/2026 21:16:16] "GET /api/v1/notifications/unread-count/ HTTP/1.1" 200 18
[02/May/2026 21:16:46] "GET /api/v1/notifications/unread-count/ HTTP/1.1" 200 18
[02/May/2026 21:17:16] "GET /api/v1/notifications/unread-count/ HTTP/1.1" 200 18
[02/May/2026 21:17:46] "GET /api/v1/notifications/unread-count/ HTTP/1.1" 200 18
[02/May/2026 21:18:16] "GET /api/v1/notifications/unread-count/ HTTP/1.1" 200 18
[02/May/2026 21:18:46] "GET /api/v1/notifications/unread-count/ HTTP/1.1" 200 18
[02/May/2026 21:19:16] "GET /api/v1/notifications/unread-count/ HTTP/1.1" 200 18
[02/May/2026 21:19:46] "GET /api/v1/notifications/unread-count/ HTTP/1.1" 200 18
[02/May/2026 21:20:16] "GET /api/v1/notifications/unread-count/ HTTP/1.1" 200 18
[02/May/2026 21:20:46] "GET /api/v1/notifications/unread-count/ HTTP/1.1" 200 18
Unauthorized: /api/v1/notifications/unread-count/
[02/May/2026 21:21:16] "GET /api/v1/notifications/unread-count/ HTTP/1.1" 401 227
[02/May/2026 21:21:16] "POST /api/v1/auth/token/refresh/ HTTP/1.1" 200 582
[02/May/2026 21:21:16] "GET /api/v1/notifications/unread-count/ HTTP/1.1" 200 18
[02/May/2026 21:21:46] "GET /api/v1/notifications/unread-count/ HTTP/1.1" 200 18
[02/May/2026 21:22:16] "GET /api/v1/notifications/unread-count/ HTTP/1.1" 200 18
[02/May/2026 21:22:46] "GET /api/v1/notifications/unread-count/ HTTP/1.1" 200 18
[02/May/2026 21:23:16] "GET /api/v1/notifications/unread-count/ HTTP/1.1" 200 18
[02/May/2026 21:23:46] "GET /api/v1/notifications/unread-count/ HTTP/1.1" 200 18
[02/May/2026 21:24:16] "GET /api/v1/notifications/unread-count/ HTTP/1.1" 200 18
[02/May/2026 21:24:46] "GET /api/v1/notifications/unread-count/ HTTP/1.1" 200 18
[02/May/2026 21:25:16] "GET /api/v1/notifications/unread-count/ HTTP/1.1" 200 18
[02/May/2026 21:25:46] "GET /api/v1/notifications/unread-count/ HTTP/1.1" 200 18
[02/May/2026 21:26:16] "GET /api/v1/notifications/unread-count/ HTTP/1.1" 200 18
[02/May/2026 21:26:46] "GET /api/v1/notifications/unread-count/ HTTP/1.1" 200 18
[02/May/2026 21:27:16] "GET /api/v1/notifications/unread-count/ HTTP/1.1" 200 18
[02/May/2026 21:27:46] "GET /api/v1/notifications/unread-count/ HTTP/1.1" 200 18
[02/May/2026 21:28:16] "GET /api/v1/notifications/unread-count/ HTTP/1.1" 200 18
[02/May/2026 21:28:46] "GET /api/v1/notifications/unread-count/ HTTP/1.1" 200 18
[02/May/2026 21:29:16] "GET /api/v1/notifications/unread-count/ HTTP/1.1" 200 18
[02/May/2026 21:29:46] "GET /api/v1/notifications/unread-count/ HTTP/1.1" 200 18
[02/May/2026 21:30:16] "GET /api/v1/notifications/unread-count/ HTTP/1.1" 200 18
[02/May/2026 21:30:47] "GET /api/v1/notifications/unread-count/ HTTP/1.1" 200 18
[02/May/2026 21:31:16] "GET /api/v1/notifications/unread-count/ HTTP/1.1" 200 18
[02/May/2026 21:31:46] "GET /api/v1/notifications/unread-count/ HTTP/1.1" 200 18
[02/May/2026 21:32:16] "OPTIONS /api/v1/notifications/unread-count/ HTTP/1.1" 200 0
[02/May/2026 21:32:16] "GET /api/v1/notifications/unread-count/ HTTP/1.1" 200 18
[02/May/2026 21:32:46] "GET /api/v1/notifications/unread-count/ HTTP/1.1" 200 18
[02/May/2026 21:33:16] "GET /api/v1/notifications/unread-count/ HTTP/1.1" 200 18
[02/May/2026 21:33:46] "GET /api/v1/notifications/unread-count/ HTTP/1.1" 200 18
[02/May/2026 21:34:16] "GET /api/v1/notifications/unread-count/ HTTP/1.1" 200 18
[02/May/2026 21:34:46] "GET /api/v1/notifications/unread-count/ HTTP/1.1" 200 18
[02/May/2026 21:35:16] "GET /api/v1/notifications/unread-count/ HTTP/1.1" 200 18
[02/May/2026 21:35:46] "GET /api/v1/notifications/unread-count/ HTTP/1.1" 200 18
[02/May/2026 21:36:16] "GET /api/v1/notifications/unread-count/ HTTP/1.1" 200 18
[02/May/2026 21:36:46] "GET /api/v1/notifications/unread-count/ HTTP/1.1" 200 18
[02/May/2026 21:37:16] "GET /api/v1/notifications/unread-count/ HTTP/1.1" 200 18
[02/May/2026 21:37:46] "GET /api/v1/notifications/unread-count/ HTTP/1.1" 200 18
[02/May/2026 21:38:16] "GET /api/v1/notifications/unread-count/ HTTP/1.1" 200 18
[02/May/2026 21:38:46] "GET /api/v1/notifications/unread-count/ HTTP/1.1" 200 18
[02/May/2026 21:39:16] "GET /api/v1/notifications/unread-count/ HTTP/1.1" 200 18
[02/May/2026 21:39:46] "GET /api/v1/notifications/unread-count/ HTTP/1.1" 200 18
[02/May/2026 21:40:16] "GET /api/v1/notifications/unread-count/ HTTP/1.1" 200 18
[02/May/2026 21:40:46] "GET /api/v1/notifications/unread-count/ HTTP/1.1" 200 18
[02/May/2026 21:41:16] "GET /api/v1/notifications/unread-count/ HTTP/1.1" 200 18
[02/May/2026 21:41:46] "GET /api/v1/notifications/unread-count/ HTTP/1.1" 200 18
[02/May/2026 21:42:16] "GET /api/v1/notifications/unread-count/ HTTP/1.1" 200 18
[02/May/2026 21:42:46] "GET /api/v1/notifications/unread-count/ HTTP/1.1" 200 18
[02/May/2026 21:43:16] "GET /api/v1/notifications/unread-count/ HTTP/1.1" 200 18
[02/May/2026 21:43:46] "GET /api/v1/notifications/unread-count/ HTTP/1.1" 200 18
[02/May/2026 21:44:16] "GET /api/v1/notifications/unread-count/ HTTP/1.1" 200 18
[02/May/2026 21:44:46] "GET /api/v1/notifications/unread-count/ HTTP/1.1" 200 18
[02/May/2026 21:45:16] "GET /api/v1/notifications/unread-count/ HTTP/1.1" 200 18
[02/May/2026 21:45:46] "GET /api/v1/notifications/unread-count/ HTTP/1.1" 200 18
[02/May/2026 21:46:16] "GET /api/v1/notifications/unread-count/ HTTP/1.1" 200 18
[02/May/2026 21:46:46] "GET /api/v1/notifications/unread-count/ HTTP/1.1" 200 18
[02/May/2026 21:47:16] "GET /api/v1/notifications/unread-count/ HTTP/1.1" 200 18
[02/May/2026 21:47:46] "GET /api/v1/notifications/unread-count/ HTTP/1.1" 200 18
[02/May/2026 21:48:16] "GET /api/v1/notifications/unread-count/ HTTP/1.1" 200 18
[02/May/2026 21:48:46] "GET /api/v1/notifications/unread-count/ HTTP/1.1" 200 18
[02/May/2026 21:49:16] "GET /api/v1/notifications/unread-count/ HTTP/1.1" 200 18
[02/May/2026 21:49:46] "GET /api/v1/notifications/unread-count/ HTTP/1.1" 200 18
[02/May/2026 21:50:16] "GET /api/v1/notifications/unread-count/ HTTP/1.1" 200 18
[02/May/2026 21:50:46] "GET /api/v1/notifications/unread-count/ HTTP/1.1" 200 18
Unauthorized: /api/v1/notifications/unread-count/
[02/May/2026 21:51:16] "GET /api/v1/notifications/unread-count/ HTTP/1.1" 401 227
[02/May/2026 21:51:16] "POST /api/v1/auth/token/refresh/ HTTP/1.1" 200 582
[02/May/2026 21:51:16] "GET /api/v1/notifications/unread-count/ HTTP/1.1" 200 18
[02/May/2026 21:51:46] "GET /api/v1/notifications/unread-count/ HTTP/1.1" 200 18
[02/May/2026 21:52:16] "GET /api/v1/notifications/unread-count/ HTTP/1.1" 200 18
[02/May/2026 21:52:46] "GET /api/v1/notifications/unread-count/ HTTP/1.1" 200 18
[02/May/2026 21:53:16] "GET /api/v1/notifications/unread-count/ HTTP/1.1" 200 18
[02/May/2026 21:53:46] "GET /api/v1/notifications/unread-count/ HTTP/1.1" 200 18
[02/May/2026 21:54:16] "GET /api/v1/notifications/unread-count/ HTTP/1.1" 200 18
[02/May/2026 21:54:46] "GET /api/v1/notifications/unread-count/ HTTP/1.1" 200 18
[02/May/2026 21:55:16] "GET /api/v1/notifications/unread-count/ HTTP/1.1" 200 18
[02/May/2026 21:55:46] "GET /api/v1/notifications/unread-count/ HTTP/1.1" 200 18
[02/May/2026 21:56:16] "GET /api/v1/notifications/unread-count/ HTTP/1.1" 200 18
[02/May/2026 21:56:46] "GET /api/v1/notifications/unread-count/ HTTP/1.1" 200 18
[02/May/2026 21:57:16] "GET /api/v1/notifications/unread-count/ HTTP/1.1" 200 18
[02/May/2026 21:57:46] "GET /api/v1/notifications/unread-count/ HTTP/1.1" 200 18
[02/May/2026 21:58:16] "GET /api/v1/notifications/unread-count/ HTTP/1.1" 200 18
[02/May/2026 21:58:46] "GET /api/v1/notifications/unread-count/ HTTP/1.1" 200 18
[02/May/2026 21:59:16] "GET /api/v1/notifications/unread-count/ HTTP/1.1" 200 18
[02/May/2026 21:59:46] "GET /api/v1/notifications/unread-count/ HTTP/1.1" 200 18
[02/May/2026 22:00:16] "GET /api/v1/notifications/unread-count/ HTTP/1.1" 200 18
[02/May/2026 22:00:46] "GET /api/v1/notifications/unread-count/ HTTP/1.1" 200 18
[02/May/2026 22:01:16] "GET /api/v1/notifications/unread-count/ HTTP/1.1" 200 18
[02/May/2026 22:01:46] "GET /api/v1/notifications/unread-count/ HTTP/1.1" 200 18
[02/May/2026 22:02:16] "GET /api/v1/notifications/unread-count/ HTTP/1.1" 200 18
[02/May/2026 22:02:46] "GET /api/v1/notifications/unread-count/ HTTP/1.1" 200 18
[02/May/2026 22:03:16] "GET /api/v1/notifications/unread-count/ HTTP/1.1" 200 18
[02/May/2026 22:03:46] "GET /api/v1/notifications/unread-count/ HTTP/1.1" 200 18
[02/May/2026 22:04:16] "GET /api/v1/notifications/unread-count/ HTTP/1.1" 200 18
[02/May/2026 22:04:46] "GET /api/v1/notifications/unread-count/ HTTP/1.1" 200 18
[02/May/2026 22:05:16] "GET /api/v1/notifications/unread-count/ HTTP/1.1" 200 18
[02/May/2026 22:05:46] "GET /api/v1/notifications/unread-count/ HTTP/1.1" 200 18
[02/May/2026 22:06:16] "GET /api/v1/notifications/unread-count/ HTTP/1.1" 200 18
[02/May/2026 22:06:46] "GET /api/v1/notifications/unread-count/ HTTP/1.1" 200 18
[02/May/2026 22:07:16] "GET /api/v1/notifications/unread-count/ HTTP/1.1" 200 18
[02/May/2026 22:07:46] "GET /api/v1/notifications/unread-count/ HTTP/1.1" 200 18
[02/May/2026 22:08:16] "GET /api/v1/notifications/unread-count/ HTTP/1.1" 200 18
[02/May/2026 22:08:46] "GET /api/v1/notifications/unread-count/ HTTP/1.1" 200 18
[02/May/2026 22:09:16] "GET /api/v1/notifications/unread-count/ HTTP/1.1" 200 18
[02/May/2026 22:09:46] "GET /api/v1/notifications/unread-count/ HTTP/1.1" 200 18
[02/May/2026 22:10:16] "GET /api/v1/notifications/unread-count/ HTTP/1.1" 200 18
[02/May/2026 22:10:46] "GET /api/v1/notifications/unread-count/ HTTP/1.1" 200 18
[02/May/2026 22:11:16] "GET /api/v1/notifications/unread-count/ HTTP/1.1" 200 18
[02/May/2026 22:11:46] "GET /api/v1/notifications/unread-count/ HTTP/1.1" 200 18
[02/May/2026 22:12:16] "GET /api/v1/notifications/unread-count/ HTTP/1.1" 200 18
[02/May/2026 22:12:46] "GET /api/v1/notifications/unread-count/ HTTP/1.1" 200 18
[02/May/2026 22:13:16] "GET /api/v1/notifications/unread-count/ HTTP/1.1" 200 18
[02/May/2026 22:13:46] "GET /api/v1/notifications/unread-count/ HTTP/1.1" 200 18
[02/May/2026 22:14:16] "GET /api/v1/notifications/unread-count/ HTTP/1.1" 200 18
[02/May/2026 22:14:46] "GET /api/v1/notifications/unread-count/ HTTP/1.1" 200 18
[02/May/2026 22:15:16] "GET /api/v1/notifications/unread-count/ HTTP/1.1" 200 18
[02/May/2026 22:15:46] "GET /api/v1/notifications/unread-count/ HTTP/1.1" 200 18
[02/May/2026 22:16:16] "GET /api/v1/notifications/unread-count/ HTTP/1.1" 200 18
[02/May/2026 22:16:46] "GET /api/v1/notifications/unread-count/ HTTP/1.1" 200 18
[02/May/2026 22:17:16] "GET /api/v1/notifications/unread-count/ HTTP/1.1" 200 18
[02/May/2026 22:17:46] "GET /api/v1/notifications/unread-count/ HTTP/1.1" 200 18
[02/May/2026 22:18:16] "GET /api/v1/notifications/unread-count/ HTTP/1.1" 200 18
[02/May/2026 22:18:46] "GET /api/v1/notifications/unread-count/ HTTP/1.1" 200 18
[02/May/2026 22:19:16] "GET /api/v1/notifications/unread-count/ HTTP/1.1" 200 18
[02/May/2026 22:19:46] "GET /api/v1/notifications/unread-count/ HTTP/1.1" 200 18
[02/May/2026 22:20:16] "GET /api/v1/notifications/unread-count/ HTTP/1.1" 200 18
[02/May/2026 22:20:46] "GET /api/v1/notifications/unread-count/ HTTP/1.1" 200 18
Unauthorized: /api/v1/notifications/unread-count/
[02/May/2026 22:21:16] "GET /api/v1/notifications/unread-count/ HTTP/1.1" 401 227
[02/May/2026 22:21:16] "POST /api/v1/auth/token/refresh/ HTTP/1.1" 200 582
[02/May/2026 22:21:16] "GET /api/v1/notifications/unread-count/ HTTP/1.1" 200 18
[02/May/2026 22:21:46] "GET /api/v1/notifications/unread-count/ HTTP/1.1" 200 18
[02/May/2026 22:22:16] "GET /api/v1/notifications/unread-count/ HTTP/1.1" 200 18
[02/May/2026 22:22:46] "GET /api/v1/notifications/unread-count/ HTTP/1.1" 200 18
[02/May/2026 22:23:16] "GET /api/v1/notifications/unread-count/ HTTP/1.1" 200 18
[02/May/2026 22:23:46] "GET /api/v1/notifications/unread-count/ HTTP/1.1" 200 18
[02/May/2026 22:24:16] "GET /api/v1/notifications/unread-count/ HTTP/1.1" 200 18
[02/May/2026 22:24:46] "GET /api/v1/notifications/unread-count/ HTTP/1.1" 200 18
[02/May/2026 22:25:16] "GET /api/v1/notifications/unread-count/ HTTP/1.1" 200 18
[02/May/2026 22:25:46] "GET /api/v1/notifications/unread-count/ HTTP/1.1" 200 18
[02/May/2026 22:26:16] "GET /api/v1/notifications/unread-count/ HTTP/1.1" 200 18
[02/May/2026 22:26:46] "GET /api/v1/notifications/unread-count/ HTTP/1.1" 200 18
[02/May/2026 22:27:16] "GET /api/v1/notifications/unread-count/ HTTP/1.1" 200 18
[02/May/2026 22:27:46] "GET /api/v1/notifications/unread-count/ HTTP/1.1" 200 18
[02/May/2026 22:28:16] "GET /api/v1/notifications/unread-count/ HTTP/1.1" 200 18
[02/May/2026 22:28:46] "GET /api/v1/notifications/unread-count/ HTTP/1.1" 200 18
[02/May/2026 22:29:16] "GET /api/v1/notifications/unread-count/ HTTP/1.1" 200 18
[02/May/2026 22:29:46] "GET /api/v1/notifications/unread-count/ HTTP/1.1" 200 18
[02/May/2026 22:30:16] "GET /api/v1/notifications/unread-count/ HTTP/1.1" 200 18
[02/May/2026 22:30:46] "GET /api/v1/notifications/unread-count/ HTTP/1.1" 200 18
[02/May/2026 22:31:16] "GET /api/v1/notifications/unread-count/ HTTP/1.1" 200 18
[02/May/2026 22:31:46] "GET /api/v1/notifications/unread-count/ HTTP/1.1" 200 18
[02/May/2026 22:32:16] "GET /api/v1/notifications/unread-count/ HTTP/1.1" 200 18
[02/May/2026 22:32:46] "GET /api/v1/notifications/unread-count/ HTTP/1.1" 200 18
[02/May/2026 22:33:16] "GET /api/v1/notifications/unread-count/ HTTP/1.1" 200 18
[02/May/2026 22:33:46] "GET /api/v1/notifications/unread-count/ HTTP/1.1" 200 18
[02/May/2026 22:34:16] "GET /api/v1/notifications/unread-count/ HTTP/1.1" 200 18
[02/May/2026 22:34:46] "GET /api/v1/notifications/unread-count/ HTTP/1.1" 200 18
[02/May/2026 22:35:16] "GET /api/v1/notifications/unread-count/ HTTP/1.1" 200 18
[02/May/2026 22:35:46] "GET /api/v1/notifications/unread-count/ HTTP/1.1" 200 18
[02/May/2026 22:36:16] "GET /api/v1/notifications/unread-count/ HTTP/1.1" 200 18
[02/May/2026 22:36:46] "GET /api/v1/notifications/unread-count/ HTTP/1.1" 200 18
[02/May/2026 22:37:16] "GET /api/v1/notifications/unread-count/ HTTP/1.1" 200 18
[02/May/2026 22:37:46] "GET /api/v1/notifications/unread-count/ HTTP/1.1" 200 18
[02/May/2026 22:38:16] "GET /api/v1/notifications/unread-count/ HTTP/1.1" 200 18
[02/May/2026 22:38:46] "GET /api/v1/notifications/unread-count/ HTTP/1.1" 200 18
[02/May/2026 22:39:16] "GET /api/v1/notifications/unread-count/ HTTP/1.1" 200 18
[02/May/2026 22:39:46] "GET /api/v1/notifications/unread-count/ HTTP/1.1" 200 18
[02/May/2026 22:40:16] "GET /api/v1/notifications/unread-count/ HTTP/1.1" 200 18
[02/May/2026 22:40:46] "GET /api/v1/notifications/unread-count/ HTTP/1.1" 200 18
[02/May/2026 22:41:16] "GET /api/v1/notifications/unread-count/ HTTP/1.1" 200 18
[02/May/2026 22:41:46] "GET /api/v1/notifications/unread-count/ HTTP/1.1" 200 18
[02/May/2026 22:42:16] "GET /api/v1/notifications/unread-count/ HTTP/1.1" 200 18
[02/May/2026 22:42:46] "GET /api/v1/notifications/unread-count/ HTTP/1.1" 200 18
[02/May/2026 22:43:16] "GET /api/v1/notifications/unread-count/ HTTP/1.1" 200 18
[02/May/2026 22:43:46] "GET /api/v1/notifications/unread-count/ HTTP/1.1" 200 18
[02/May/2026 22:44:16] "GET /api/v1/notifications/unread-count/ HTTP/1.1" 200 18
[02/May/2026 22:44:46] "GET /api/v1/notifications/unread-count/ HTTP/1.1" 200 18
[02/May/2026 22:45:16] "GET /api/v1/notifications/unread-count/ HTTP/1.1" 200 18
[02/May/2026 22:45:46] "GET /api/v1/notifications/unread-count/ HTTP/1.1" 200 18
[02/May/2026 22:46:16] "GET /api/v1/notifications/unread-count/ HTTP/1.1" 200 18
[02/May/2026 22:46:46] "GET /api/v1/notifications/unread-count/ HTTP/1.1" 200 18
[02/May/2026 22:47:16] "GET /api/v1/notifications/unread-count/ HTTP/1.1" 200 18
[02/May/2026 22:47:46] "GET /api/v1/notifications/unread-count/ HTTP/1.1" 200 18
[02/May/2026 22:48:16] "GET /api/v1/notifications/unread-count/ HTTP/1.1" 200 18
[02/May/2026 22:48:46] "GET /api/v1/notifications/unread-count/ HTTP/1.1" 200 18
[02/May/2026 22:49:16] "GET /api/v1/notifications/unread-count/ HTTP/1.1" 200 18
[02/May/2026 22:49:46] "GET /api/v1/notifications/unread-count/ HTTP/1.1" 200 18
[02/May/2026 22:50:16] "GET /api/v1/notifications/unread-count/ HTTP/1.1" 200 18
[02/May/2026 22:50:46] "GET /api/v1/notifications/unread-count/ HTTP/1.1" 200 18
Unauthorized: /api/v1/notifications/unread-count/
[02/May/2026 22:51:16] "GET /api/v1/notifications/unread-count/ HTTP/1.1" 401 227
[02/May/2026 22:51:16] "POST /api/v1/auth/token/refresh/ HTTP/1.1" 200 582
[02/May/2026 22:51:16] "GET /api/v1/notifications/unread-count/ HTTP/1.1" 200 18
[02/May/2026 22:51:46] "GET /api/v1/notifications/unread-count/ HTTP/1.1" 200 18
[02/May/2026 22:52:16] "GET /api/v1/notifications/unread-count/ HTTP/1.1" 200 18
[02/May/2026 22:52:46] "GET /api/v1/notifications/unread-count/ HTTP/1.1" 200 18
[02/May/2026 22:53:16] "GET /api/v1/notifications/unread-count/ HTTP/1.1" 200 18
[02/May/2026 22:53:46] "GET /api/v1/notifications/unread-count/ HTTP/1.1" 200 18
[02/May/2026 22:54:16] "GET /api/v1/notifications/unread-count/ HTTP/1.1" 200 18
[02/May/2026 22:54:46] "GET /api/v1/notifications/unread-count/ HTTP/1.1" 200 18
[02/May/2026 22:55:16] "GET /api/v1/notifications/unread-count/ HTTP/1.1" 200 18
[02/May/2026 22:55:46] "GET /api/v1/notifications/unread-count/ HTTP/1.1" 200 18
[02/May/2026 22:56:16] "GET /api/v1/notifications/unread-count/ HTTP/1.1" 200 18
[02/May/2026 22:56:46] "GET /api/v1/notifications/unread-count/ HTTP/1.1" 200 18
[02/May/2026 22:57:16] "GET /api/v1/notifications/unread-count/ HTTP/1.1" 200 18
[02/May/2026 22:57:46] "GET /api/v1/notifications/unread-count/ HTTP/1.1" 200 18
[02/May/2026 22:58:16] "GET /api/v1/notifications/unread-count/ HTTP/1.1" 200 18
[02/May/2026 22:58:46] "GET /api/v1/notifications/unread-count/ HTTP/1.1" 200 18
[02/May/2026 22:59:16] "GET /api/v1/notifications/unread-count/ HTTP/1.1" 200 18
[02/May/2026 22:59:46] "GET /api/v1/notifications/unread-count/ HTTP/1.1" 200 18
[02/May/2026 23:00:16] "GET /api/v1/notifications/unread-count/ HTTP/1.1" 200 18
[02/May/2026 23:00:46] "GET /api/v1/notifications/unread-count/ HTTP/1.1" 200 18
[02/May/2026 23:01:16] "GET /api/v1/notifications/unread-count/ HTTP/1.1" 200 18
[02/May/2026 23:01:46] "GET /api/v1/notifications/unread-count/ HTTP/1.1" 200 18
[02/May/2026 23:02:16] "GET /api/v1/notifications/unread-count/ HTTP/1.1" 200 18
[02/May/2026 23:02:46] "GET /api/v1/notifications/unread-count/ HTTP/1.1" 200 18
[02/May/2026 23:03:16] "GET /api/v1/notifications/unread-count/ HTTP/1.1" 200 18
[02/May/2026 23:03:46] "GET /api/v1/notifications/unread-count/ HTTP/1.1" 200 18
[02/May/2026 23:04:16] "GET /api/v1/notifications/unread-count/ HTTP/1.1" 200 18
[02/May/2026 23:04:46] "GET /api/v1/notifications/unread-count/ HTTP/1.1" 200 18
[02/May/2026 23:05:16] "GET /api/v1/notifications/unread-count/ HTTP/1.1" 200 18
[02/May/2026 23:05:46] "GET /api/v1/notifications/unread-count/ HTTP/1.1" 200 18
[02/May/2026 23:06:16] "GET /api/v1/notifications/unread-count/ HTTP/1.1" 200 18
[02/May/2026 23:06:46] "GET /api/v1/notifications/unread-count/ HTTP/1.1" 200 18
[02/May/2026 23:07:11] "OPTIONS /api/v1/auth/profile/ HTTP/1.1" 200 0
[02/May/2026 23:07:11] "OPTIONS /api/v1/auth/profile/ HTTP/1.1" 200 0
[02/May/2026 23:07:11] "GET /api/v1/auth/profile/ HTTP/1.1" 200 332
[02/May/2026 23:07:11] "GET /api/v1/auth/profile/ HTTP/1.1" 200 332
[02/May/2026 23:07:11] "OPTIONS /api/v1/requests/mine/ HTTP/1.1" 200 0
[02/May/2026 23:07:11] "OPTIONS /api/v1/requests/mine/ HTTP/1.1" 200 0
[02/May/2026 23:07:11] "GET /api/v1/notifications/unread-count/ HTTP/1.1" 200 18
[02/May/2026 23:07:11] "GET /api/v1/requests/mine/ HTTP/1.1" 200 2
[02/May/2026 23:07:11] "GET /api/v1/notifications/unread-count/ HTTP/1.1" 200 18
[02/May/2026 23:07:11] "GET /api/v1/requests/mine/ HTTP/1.1" 200 2
[02/May/2026 23:07:40] "GET /api/v1/auth/profile/ HTTP/1.1" 200 332
[02/May/2026 23:07:40] "GET /api/v1/auth/profile/ HTTP/1.1" 200 332
[02/May/2026 23:07:40] "GET /api/v1/notifications/unread-count/ HTTP/1.1" 200 18
[02/May/2026 23:07:40] "GET /api/v1/requests/mine/ HTTP/1.1" 200 2
[02/May/2026 23:07:40] "GET /api/v1/notifications/unread-count/ HTTP/1.1" 200 18
[02/May/2026 23:07:40] "GET /api/v1/requests/mine/ HTTP/1.1" 200 2
[02/May/2026 23:08:07] "GET /api/v1/auth/profile/ HTTP/1.1" 200 332
[02/May/2026 23:08:07] "GET /api/v1/auth/profile/ HTTP/1.1" 200 332
[02/May/2026 23:08:07] "GET /api/v1/notifications/unread-count/ HTTP/1.1" 200 18
[02/May/2026 23:08:07] "GET /api/v1/requests/mine/ HTTP/1.1" 200 2
[02/May/2026 23:08:07] "GET /api/v1/notifications/unread-count/ HTTP/1.1" 200 18
[02/May/2026 23:08:07] "GET /api/v1/requests/mine/ HTTP/1.1" 200 2
[02/May/2026 23:08:35] "GET /api/v1/auth/profile/ HTTP/1.1" 200 332
[02/May/2026 23:08:35] "GET /api/v1/auth/profile/ HTTP/1.1" 200 332
[02/May/2026 23:08:35] "GET /api/v1/notifications/unread-count/ HTTP/1.1" 200 18
[02/May/2026 23:08:35] "GET /api/v1/requests/mine/ HTTP/1.1" 200 2
[02/May/2026 23:08:35] "GET /api/v1/notifications/unread-count/ HTTP/1.1" 200 18
[02/May/2026 23:08:35] "GET /api/v1/requests/mine/ HTTP/1.1" 200 2
[02/May/2026 23:09:03] "GET /api/v1/auth/profile/ HTTP/1.1" 200 332
[02/May/2026 23:09:03] "GET /api/v1/auth/profile/ HTTP/1.1" 200 332
[02/May/2026 23:09:03] "GET /api/v1/notifications/unread-count/ HTTP/1.1" 200 18
[02/May/2026 23:09:03] "GET /api/v1/requests/mine/ HTTP/1.1" 200 2
[02/May/2026 23:09:03] "GET /api/v1/notifications/unread-count/ HTTP/1.1" 200 18
[02/May/2026 23:09:03] "GET /api/v1/requests/mine/ HTTP/1.1" 200 2
[02/May/2026 23:09:30] "GET /api/v1/auth/profile/ HTTP/1.1" 200 332
[02/May/2026 23:09:30] "GET /api/v1/auth/profile/ HTTP/1.1" 200 332
[02/May/2026 23:09:30] "GET /api/v1/notifications/unread-count/ HTTP/1.1" 200 18
[02/May/2026 23:09:30] "GET /api/v1/requests/mine/ HTTP/1.1" 200 2
[02/May/2026 23:09:30] "GET /api/v1/notifications/unread-count/ HTTP/1.1" 200 18
[02/May/2026 23:09:30] "GET /api/v1/requests/mine/ HTTP/1.1" 200 2
[02/May/2026 23:09:58] "GET /api/v1/auth/profile/ HTTP/1.1" 200 332
[02/May/2026 23:09:58] "GET /api/v1/auth/profile/ HTTP/1.1" 200 332
[02/May/2026 23:09:58] "GET /api/v1/notifications/unread-count/ HTTP/1.1" 200 18
[02/May/2026 23:09:58] "GET /api/v1/requests/mine/ HTTP/1.1" 200 2
[02/May/2026 23:09:58] "GET /api/v1/notifications/unread-count/ HTTP/1.1" 200 18
[02/May/2026 23:09:58] "GET /api/v1/requests/mine/ HTTP/1.1" 200 2
[02/May/2026 23:10:26] "GET /api/v1/auth/profile/ HTTP/1.1" 200 332
[02/May/2026 23:10:26] "GET /api/v1/auth/profile/ HTTP/1.1" 200 332
[02/May/2026 23:10:26] "GET /api/v1/notifications/unread-count/ HTTP/1.1" 200 18
[02/May/2026 23:10:26] "GET /api/v1/requests/mine/ HTTP/1.1" 200 2
[02/May/2026 23:10:26] "GET /api/v1/notifications/unread-count/ HTTP/1.1" 200 18
[02/May/2026 23:10:26] "GET /api/v1/requests/mine/ HTTP/1.1" 200 2
[02/May/2026 23:10:53] "GET /api/v1/auth/profile/ HTTP/1.1" 200 332
[02/May/2026 23:10:53] "GET /api/v1/auth/profile/ HTTP/1.1" 200 332
[02/May/2026 23:10:53] "GET /api/v1/notifications/unread-count/ HTTP/1.1" 200 18
[02/May/2026 23:10:53] "GET /api/v1/requests/mine/ HTTP/1.1" 200 2
[02/May/2026 23:10:53] "GET /api/v1/notifications/unread-count/ HTTP/1.1" 200 18
[02/May/2026 23:10:53] "GET /api/v1/requests/mine/ HTTP/1.1" 200 2
[02/May/2026 23:11:21] "GET /api/v1/auth/profile/ HTTP/1.1" 200 332
[02/May/2026 23:11:21] "GET /api/v1/auth/profile/ HTTP/1.1" 200 332
[02/May/2026 23:11:21] "GET /api/v1/notifications/unread-count/ HTTP/1.1" 200 18
[02/May/2026 23:11:21] "GET /api/v1/requests/mine/ HTTP/1.1" 200 2
[02/May/2026 23:11:21] "GET /api/v1/notifications/unread-count/ HTTP/1.1" 200 18
[02/May/2026 23:11:21] "GET /api/v1/requests/mine/ HTTP/1.1" 200 2
[02/May/2026 23:11:49] "GET /api/v1/auth/profile/ HTTP/1.1" 200 332
[02/May/2026 23:11:49] "GET /api/v1/auth/profile/ HTTP/1.1" 200 332
[02/May/2026 23:11:49] "GET /api/v1/notifications/unread-count/ HTTP/1.1" 200 18
[02/May/2026 23:11:49] "GET /api/v1/requests/mine/ HTTP/1.1" 200 2
[02/May/2026 23:11:49] "GET /api/v1/notifications/unread-count/ HTTP/1.1" 200 18
[02/May/2026 23:11:49] "GET /api/v1/requests/mine/ HTTP/1.1" 200 2
[02/May/2026 23:12:17] "GET /api/v1/auth/profile/ HTTP/1.1" 200 332
[02/May/2026 23:12:17] "GET /api/v1/auth/profile/ HTTP/1.1" 200 332
[02/May/2026 23:12:17] "GET /api/v1/notifications/unread-count/ HTTP/1.1" 200 18
[02/May/2026 23:12:17] "GET /api/v1/requests/mine/ HTTP/1.1" 200 2
[02/May/2026 23:12:17] "GET /api/v1/notifications/unread-count/ HTTP/1.1" 200 18
[02/May/2026 23:12:17] "GET /api/v1/requests/mine/ HTTP/1.1" 200 2
[02/May/2026 23:12:45] "GET /api/v1/auth/profile/ HTTP/1.1" 200 332
[02/May/2026 23:12:45] "GET /api/v1/auth/profile/ HTTP/1.1" 200 332
[02/May/2026 23:12:45] "GET /api/v1/notifications/unread-count/ HTTP/1.1" 200 18
[02/May/2026 23:12:45] "GET /api/v1/requests/mine/ HTTP/1.1" 200 2
[02/May/2026 23:12:45] "GET /api/v1/notifications/unread-count/ HTTP/1.1" 200 18
[02/May/2026 23:12:45] "GET /api/v1/requests/mine/ HTTP/1.1" 200 2
[02/May/2026 23:13:13] "GET /api/v1/auth/profile/ HTTP/1.1" 200 332
[02/May/2026 23:13:13] "GET /api/v1/auth/profile/ HTTP/1.1" 200 332
[02/May/2026 23:13:13] "GET /api/v1/notifications/unread-count/ HTTP/1.1" 200 18
[02/May/2026 23:13:13] "GET /api/v1/requests/mine/ HTTP/1.1" 200 2
[02/May/2026 23:13:13] "GET /api/v1/notifications/unread-count/ HTTP/1.1" 200 18
[02/May/2026 23:13:13] "GET /api/v1/requests/mine/ HTTP/1.1" 200 2
[02/May/2026 23:13:40] "GET /api/v1/auth/profile/ HTTP/1.1" 200 332
[02/May/2026 23:13:40] "GET /api/v1/auth/profile/ HTTP/1.1" 200 332
[02/May/2026 23:13:40] "GET /api/v1/notifications/unread-count/ HTTP/1.1" 200 18
[02/May/2026 23:13:40] "GET /api/v1/requests/mine/ HTTP/1.1" 200 2
[02/May/2026 23:13:40] "GET /api/v1/notifications/unread-count/ HTTP/1.1" 200 18
[02/May/2026 23:13:40] "GET /api/v1/requests/mine/ HTTP/1.1" 200 2
[02/May/2026 23:14:08] "GET /api/v1/auth/profile/ HTTP/1.1" 200 332
[02/May/2026 23:14:08] "GET /api/v1/auth/profile/ HTTP/1.1" 200 332
[02/May/2026 23:14:08] "GET /api/v1/notifications/unread-count/ HTTP/1.1" 200 18
[02/May/2026 23:14:08] "GET /api/v1/requests/mine/ HTTP/1.1" 200 2
[02/May/2026 23:14:08] "GET /api/v1/notifications/unread-count/ HTTP/1.1" 200 18
[02/May/2026 23:14:08] "GET /api/v1/requests/mine/ HTTP/1.1" 200 2
[02/May/2026 23:14:36] "GET /api/v1/auth/profile/ HTTP/1.1" 200 332
[02/May/2026 23:14:36] "GET /api/v1/auth/profile/ HTTP/1.1" 200 332
[02/May/2026 23:14:36] "GET /api/v1/notifications/unread-count/ HTTP/1.1" 200 18
[02/May/2026 23:14:36] "GET /api/v1/requests/mine/ HTTP/1.1" 200 2
[02/May/2026 23:14:36] "GET /api/v1/notifications/unread-count/ HTTP/1.1" 200 18
[02/May/2026 23:14:36] "GET /api/v1/requests/mine/ HTTP/1.1" 200 2
[02/May/2026 23:15:04] "GET /api/v1/auth/profile/ HTTP/1.1" 200 332
[02/May/2026 23:15:04] "GET /api/v1/auth/profile/ HTTP/1.1" 200 332
[02/May/2026 23:15:04] "GET /api/v1/notifications/unread-count/ HTTP/1.1" 200 18
[02/May/2026 23:15:04] "GET /api/v1/requests/mine/ HTTP/1.1" 200 2
[02/May/2026 23:15:04] "GET /api/v1/notifications/unread-count/ HTTP/1.1" 200 18
[02/May/2026 23:15:04] "GET /api/v1/requests/mine/ HTTP/1.1" 200 2
[02/May/2026 23:15:32] "GET /api/v1/auth/profile/ HTTP/1.1" 200 332
[02/May/2026 23:15:32] "GET /api/v1/auth/profile/ HTTP/1.1" 200 332
[02/May/2026 23:15:32] "GET /api/v1/notifications/unread-count/ HTTP/1.1" 200 18
[02/May/2026 23:15:32] "GET /api/v1/requests/mine/ HTTP/1.1" 200 2
[02/May/2026 23:15:32] "GET /api/v1/notifications/unread-count/ HTTP/1.1" 200 18
[02/May/2026 23:15:32] "GET /api/v1/requests/mine/ HTTP/1.1" 200 2
[02/May/2026 23:15:59] "GET /api/v1/auth/profile/ HTTP/1.1" 200 332
[02/May/2026 23:15:59] "GET /api/v1/auth/profile/ HTTP/1.1" 200 332
[02/May/2026 23:15:59] "GET /api/v1/notifications/unread-count/ HTTP/1.1" 200 18
[02/May/2026 23:15:59] "GET /api/v1/requests/mine/ HTTP/1.1" 200 2
[02/May/2026 23:15:59] "GET /api/v1/notifications/unread-count/ HTTP/1.1" 200 18
[02/May/2026 23:15:59] "GET /api/v1/requests/mine/ HTTP/1.1" 200 2
[02/May/2026 23:16:27] "GET /api/v1/auth/profile/ HTTP/1.1" 200 332
[02/May/2026 23:16:27] "GET /api/v1/auth/profile/ HTTP/1.1" 200 332
[02/May/2026 23:16:27] "GET /api/v1/notifications/unread-count/ HTTP/1.1" 200 18
[02/May/2026 23:16:27] "GET /api/v1/requests/mine/ HTTP/1.1" 200 2
[02/May/2026 23:16:27] "GET /api/v1/notifications/unread-count/ HTTP/1.1" 200 18
[02/May/2026 23:16:27] "GET /api/v1/requests/mine/ HTTP/1.1" 200 2
[02/May/2026 23:16:55] "GET /api/v1/auth/profile/ HTTP/1.1" 200 332
[02/May/2026 23:16:55] "GET /api/v1/auth/profile/ HTTP/1.1" 200 332
[02/May/2026 23:16:55] "GET /api/v1/notifications/unread-count/ HTTP/1.1" 200 18
[02/May/2026 23:16:55] "GET /api/v1/requests/mine/ HTTP/1.1" 200 2
[02/May/2026 23:16:55] "GET /api/v1/notifications/unread-count/ HTTP/1.1" 200 18
[02/May/2026 23:16:55] "GET /api/v1/requests/mine/ HTTP/1.1" 200 2
[02/May/2026 23:17:23] "GET /api/v1/auth/profile/ HTTP/1.1" 200 332
[02/May/2026 23:17:23] "GET /api/v1/auth/profile/ HTTP/1.1" 200 332
[02/May/2026 23:17:23] "GET /api/v1/notifications/unread-count/ HTTP/1.1" 200 18
[02/May/2026 23:17:23] "GET /api/v1/requests/mine/ HTTP/1.1" 200 2
[02/May/2026 23:17:23] "GET /api/v1/notifications/unread-count/ HTTP/1.1" 200 18
[02/May/2026 23:17:23] "GET /api/v1/requests/mine/ HTTP/1.1" 200 2
[02/May/2026 23:17:51] "GET /api/v1/auth/profile/ HTTP/1.1" 200 332
[02/May/2026 23:17:51] "GET /api/v1/auth/profile/ HTTP/1.1" 200 332
[02/May/2026 23:17:51] "GET /api/v1/notifications/unread-count/ HTTP/1.1" 200 18
[02/May/2026 23:17:51] "GET /api/v1/requests/mine/ HTTP/1.1" 200 2
[02/May/2026 23:17:51] "GET /api/v1/notifications/unread-count/ HTTP/1.1" 200 18
[02/May/2026 23:17:51] "GET /api/v1/requests/mine/ HTTP/1.1" 200 2
[02/May/2026 23:18:18] "GET /api/v1/auth/profile/ HTTP/1.1" 200 332
[02/May/2026 23:18:18] "GET /api/v1/auth/profile/ HTTP/1.1" 200 332
[02/May/2026 23:18:18] "GET /api/v1/notifications/unread-count/ HTTP/1.1" 200 18
[02/May/2026 23:18:18] "GET /api/v1/requests/mine/ HTTP/1.1" 200 2
[02/May/2026 23:18:18] "GET /api/v1/notifications/unread-count/ HTTP/1.1" 200 18
[02/May/2026 23:18:18] "GET /api/v1/requests/mine/ HTTP/1.1" 200 2
[02/May/2026 23:18:46] "GET /api/v1/auth/profile/ HTTP/1.1" 200 332
[02/May/2026 23:18:46] "GET /api/v1/auth/profile/ HTTP/1.1" 200 332
[02/May/2026 23:18:46] "GET /api/v1/notifications/unread-count/ HTTP/1.1" 200 18
[02/May/2026 23:18:46] "GET /api/v1/requests/mine/ HTTP/1.1" 200 2
[02/May/2026 23:18:46] "GET /api/v1/notifications/unread-count/ HTTP/1.1" 200 18
[02/May/2026 23:18:46] "GET /api/v1/requests/mine/ HTTP/1.1" 200 2
[02/May/2026 23:19:14] "GET /api/v1/auth/profile/ HTTP/1.1" 200 332
[02/May/2026 23:19:14] "GET /api/v1/auth/profile/ HTTP/1.1" 200 332
[02/May/2026 23:19:14] "GET /api/v1/notifications/unread-count/ HTTP/1.1" 200 18
[02/May/2026 23:19:14] "GET /api/v1/requests/mine/ HTTP/1.1" 200 2
[02/May/2026 23:19:14] "GET /api/v1/notifications/unread-count/ HTTP/1.1" 200 18
[02/May/2026 23:19:14] "GET /api/v1/requests/mine/ HTTP/1.1" 200 2
[02/May/2026 23:19:41] "GET /api/v1/auth/profile/ HTTP/1.1" 200 332
[02/May/2026 23:19:41] "GET /api/v1/auth/profile/ HTTP/1.1" 200 332
[02/May/2026 23:19:42] "GET /api/v1/notifications/unread-count/ HTTP/1.1" 200 18
[02/May/2026 23:19:42] "GET /api/v1/requests/mine/ HTTP/1.1" 200 2
[02/May/2026 23:19:42] "GET /api/v1/notifications/unread-count/ HTTP/1.1" 200 18
[02/May/2026 23:19:42] "GET /api/v1/requests/mine/ HTTP/1.1" 200 2
[02/May/2026 23:20:09] "GET /api/v1/auth/profile/ HTTP/1.1" 200 332
[02/May/2026 23:20:09] "GET /api/v1/auth/profile/ HTTP/1.1" 200 332
[02/May/2026 23:20:09] "GET /api/v1/notifications/unread-count/ HTTP/1.1" 200 18
[02/May/2026 23:20:09] "GET /api/v1/requests/mine/ HTTP/1.1" 200 2
[02/May/2026 23:20:09] "GET /api/v1/notifications/unread-count/ HTTP/1.1" 200 18
[02/May/2026 23:20:09] "GET /api/v1/requests/mine/ HTTP/1.1" 200 2
[02/May/2026 23:20:37] "GET /api/v1/auth/profile/ HTTP/1.1" 200 332
[02/May/2026 23:20:37] "GET /api/v1/auth/profile/ HTTP/1.1" 200 332
[02/May/2026 23:20:37] "GET /api/v1/notifications/unread-count/ HTTP/1.1" 200 18
[02/May/2026 23:20:37] "GET /api/v1/requests/mine/ HTTP/1.1" 200 2
[02/May/2026 23:20:37] "GET /api/v1/notifications/unread-count/ HTTP/1.1" 200 18
[02/May/2026 23:20:37] "GET /api/v1/requests/mine/ HTTP/1.1" 200 2
[02/May/2026 23:21:05] "GET /api/v1/auth/profile/ HTTP/1.1" 200 332
[02/May/2026 23:21:05] "GET /api/v1/auth/profile/ HTTP/1.1" 200 332
[02/May/2026 23:21:05] "GET /api/v1/notifications/unread-count/ HTTP/1.1" 200 18
[02/May/2026 23:21:05] "GET /api/v1/requests/mine/ HTTP/1.1" 200 2
[02/May/2026 23:21:05] "GET /api/v1/notifications/unread-count/ HTTP/1.1" 200 18
[02/May/2026 23:21:05] "GET /api/v1/requests/mine/ HTTP/1.1" 200 2
Unauthorized: /api/v1/auth/profile/
[02/May/2026 23:21:33] "GET /api/v1/auth/profile/ HTTP/1.1" 401 227
Unauthorized: /api/v1/auth/profile/
[02/May/2026 23:21:33] "GET /api/v1/auth/profile/ HTTP/1.1" 401 227
[02/May/2026 23:21:33] "OPTIONS /api/v1/auth/token/refresh/ HTTP/1.1" 200 0
[02/May/2026 23:21:33] "POST /api/v1/auth/token/refresh/ HTTP/1.1" 200 582
Unauthorized: /api/v1/auth/token/refresh/
[02/May/2026 23:21:33] "POST /api/v1/auth/token/refresh/ HTTP/1.1" 401 115
[02/May/2026 23:21:33] "GET /api/v1/auth/profile/ HTTP/1.1" 200 332
